file,folder,work_id,subject,event,location,year,credit,source,hero,confidence,notes,rights,width,height,capture_date,status,tags
contraptions10.jpg,portfolio-images,contraptions,Contraptions installation detail,Burning Man 2007,Black Rock City NV,2007,,howhowhow.com,no,medium,Likely from the 2007 'Contraptions' piece (namesake of contraptionism),charlie-site,400,225,2007-09-18,local,burning-man-2007;charlie-site;contraptions;detail;howhowhow;namesake-of-contraptionism
fleeblesunrise.jpg,portfolio-images,fleeble-flobbler,Fleeble Flobbler at sunrise,Burning Man / festival,,2008,,sparceland/howhowhow,yes,medium,Strong sunrise shot — good hero candidate,charlie-site,300,210,,local,burning-man;charlie-site;clown;fire-cauldron;fleeble-flobbler;hero;howhowhow;inner-child;mythic-hybrid;ride;sparceland;teeter-totter
bonnarooteeter.jpg,portfolio-images,fleeble-flobbler,Teeter-totter piece at Bonnaroo,Bonnaroo,TN,,,howhowhow.com,no,low,Teeter piece at Bonnaroo; could be Fleeble Flobbler or Teetering Cusps — confirm,charlie-site,400,300,,local,bonnaroo;charlie-site;clown;fire-cauldron;fleeble-flobbler;howhowhow;inner-child;mythic-hybrid;ride;teeter-totter
bigbullysm.jpg,portfolio-images,big-bully,'Big Bully' sculpture (?),,,,,howhowhow.com,no,medium,Confirmed = Big Bully (BM 2013) via BM archive + GPT note,charlie-site,200,218,2013-05-04,local,big-bully;bull;charlie-site;congregation;fire-cauldron;howhowhow;log-sacrifice;mythic-hybrid
triplepaul.jpg,portfolio-images,triple-bypass,Triple Bypass build with Paul Jorgensen,AfrikaBurn / Cape Town,Cape Town SA,2007,Jaime Ladet,howhowhow.com,no,low,Likely Triple Bypass/AfrikaBurn with Paul Jorgensen — confirm,charlie-site,300,400,,local,afrikaburn;build;charlie-site;global-art;howhowhow;instigating-afrikaburn;triple-bypass
cock25280032.png,portfolio-images,red-hot-cock,Red Hot Cock rooster,,,,,howhowhow.com,no,medium,artwork photo (filename 'cock'),charlie-site,250,166,,local,charlie-site;community-built;congregation;contraptionism;fire-cauldron;howhowhow;jackal-rooster;log-sacrifice;mythic-hybrid;red-hot-cock;rooster;teeter-totter
contraptions07.png,portfolio-images,contraptions,Contraptions (2007),Burning Man 2007,Black Rock City NV,2007,,howhowhow.com,no,medium,artwork photo,charlie-site,250,169,,local,burning-man-2007;charlie-site;contraptions;howhowhow;namesake-of-contraptionism
hotmama07.png,portfolio-images,hot-mama,Hot Mama (2007),Burning Man 2007,Black Rock City NV,2007,,howhowhow.com,no,medium,artwork photo,charlie-site,158,250,,local,burning-man-2007;charlie-site;fertility;fire-tv-show;hot-mama;howhowhow
tunnel04.png,portfolio-images,tunnel-of-transformation,Tunnel of Transformation (2004),,,2004,,howhowhow.com,no,medium,artwork photo,charlie-site,250,167,,local,charlie-site;howhowhow;regional-touring;transformation;tunnel-of-transformation
synE10.png,portfolio-images,synapses-tour,Synapses cauldron element,,,2005,,howhowhow.com,no,low,artwork photo (syn),charlie-site,167,250,,local,charlie-site;community-built;congregation;fire-cauldron;howhowhow;regional-burning-man;symbol-system;synapses-tour
tripleburn19.png,portfolio-images,triple-bypass,Triple Bypass burn,,,,,howhowhow.com,no,low,artwork photo,charlie-site,250,169,,local,charlie-site;global-art;howhowhow;instigating-afrikaburn;triple-bypass
fleeble1.jpg,portfolio-images,fleeble-flobbler,Fleeble Flobbler,,,,,howhowhow.com,no,medium,artwork photo,charlie-site,250,166,,local,charlie-site;clown;fire-cauldron;fleeble-flobbler;howhowhow;inner-child;mythic-hybrid;ride;teeter-totter
fleeble2.jpg,portfolio-images,fleeble-flobbler,Fleeble Flobbler,,,,,howhowhow.com,no,medium,artwork photo,charlie-site,250,166,,local,charlie-site;clown;fire-cauldron;fleeble-flobbler;howhowhow;inner-child;mythic-hybrid;ride;teeter-totter
fleeble3.jpg,portfolio-images,fleeble-flobbler,Fleeble Flobbler,,,,,howhowhow.com,no,medium,artwork photo,charlie-site,250,166,,local,charlie-site;clown;fire-cauldron;fleeble-flobbler;howhowhow;inner-child;mythic-hybrid;ride;teeter-totter
L195106-R01-041-19.jpg,portfolio-images,synapses-tour,"Night fire sculpture — twin curved panels with glowing symbol-disc cutouts, embers raining over crowd",,,,,personal,no,low,Film scan; symbol-disc cutouts suggest Synapses-era symbol cauldron — confirm with Charlie,charlie-archive,400,270,2007-08-06,local,community-built;congregation;fire-cauldron;regional-burning-man;symbol-system;synapses-tour
bbbsketchbook.webp,Hand-Drawings,burning-book,First hand-drawings for the Burning Book,Brian's memorial,The Brewery LA,2026,Charlie Smith,sparceland.com/bbb26,no,high,Hand drawing; manifesto text transcribed in Hand-Drawings/_about,charlie-site,1879,1026,,local,book;burning-book;charlie-site;community-built;contraptionism;fire-cauldron;heart;heartbeat;log-sacrifice;memorial;sketch;sparceland
1+burning+book+sketch.webp,Hand-Drawings,burning-book,Burning-book concept sketch,,,2026,Charlie Smith,sparceland.com/bbb26,no,high,Hand drawing,charlie-site,1038,793,,local,book;burning-book;charlie-site;community-built;contraptionism;fire-cauldron;heart;heartbeat;log-sacrifice;memorial;sketch;sparceland
5-BBartistpage.webp,Hand-Drawings,burning-book,Artist-pages concept sketch,,,2026,Charlie Smith,sparceland.com/bbb26,no,high,Hand drawing,charlie-site,770,662,,local,book;burning-book;charlie-site;community-built;contraptionism;fire-cauldron;heart;heartbeat;log-sacrifice;memorial;sketch;sparceland
3-BBopbook+.webp,Hand-Drawings,burning-book,Open-book composition sketch,,,2026,Charlie Smith,sparceland.com/bbb26,no,medium,Sketch/render of heart piercing book,charlie-site,673,550,,local,book;burning-book;charlie-site;community-built;contraptionism;fire-cauldron;heart;heartbeat;log-sacrifice;memorial;sketch;sparceland
fleeble-flobbler__okeechobee-iconic__33130790642.jpg,portfolio-images,fleeble-flobbler,Iconic Okeechobee shot (Charlie/Fleeble),Okeechobee Music Festival,FL,,Kris Krüg,https://www.flickr.com/photos/kk/33130790642/in/album-72157679418239850,yes,high,KK-flagged 'oldie but goodie' HERO SHOT — needs saving into portfolio-images,kk-owned,3307,2205,2017-03-03,local,charlie;clown;fire-cauldron;fleeble-flobbler;flickr;hero;inner-child;kk-photo;mythic-hybrid;okeechobee;ride;teeter-totter
fleeble-flobbler__fleeble-01__25503147015.jpg,portfolio-images,fleeble-flobbler,Fleeble Flobbler,,,,Kris Krüg,https://www.flickr.com/photos/kk/25503147015/in/album-72157665299462772,no,high,KK-shared Fleeble Flobbler photo — needs saving,kk-owned,5000,3333,2016-03-03,local,clown;fire-cauldron;fleeble-flobbler;flickr;inner-child;kk-photo;mythic-hybrid;ride;teeter-totter
fleeble-flobbler__fleeble-02__24876426853.jpg,portfolio-images,fleeble-flobbler,Fleeble Flobbler,,,,Kris Krüg,https://www.flickr.com/photos/kk/24876426853/in/album-72157665299462772,no,high,KK-shared Fleeble Flobbler photo — needs saving,kk-owned,5000,3333,2016-03-03,local,clown;fire-cauldron;fleeble-flobbler;flickr;inner-child;kk-photo;mythic-hybrid;ride;teeter-totter
fleeble-flobbler__fleeble-03__25477028146.jpg,portfolio-images,fleeble-flobbler,Fleeble Flobbler,,,,Kris Krüg,https://www.flickr.com/photos/kk/25477028146/in/album-72157665299462772,no,high,KK-shared Fleeble Flobbler photo — needs saving,kk-owned,5000,3333,2016-03-03,local,clown;fire-cauldron;fleeble-flobbler;flickr;inner-child;kk-photo;mythic-hybrid;ride;teeter-totter
fleeble-flobbler__fleeble-04__25503124425.jpg,portfolio-images,fleeble-flobbler,Fleeble Flobbler,,,,Kris Krüg,https://www.flickr.com/photos/kk/25503124425/in/album-72157665299462772,no,high,KK-shared Fleeble Flobbler photo — needs saving,kk-owned,5000,3333,2016-03-03,local,clown;fire-cauldron;fleeble-flobbler;flickr;inner-child;kk-photo;mythic-hybrid;ride;teeter-totter
red-hot-cock__OMF18-charlie__40580044251.jpg,Red-Hot-Cock-2018,red-hot-cock,Charlie at the rooster (day),Okeechobee Music Festival 2018,Okeechobee FL,2018,Kris Krüg,https://www.flickr.com/photos/kk/40580044251,yes,high,KK-flagged hero; daytime Charlie portrait,kk-owned,3703,5555,2018-03-01,local,charlie;community-built;congregation;contraptionism;fire-cauldron;flickr;hero;jackal-rooster;kk-photo;log-sacrifice;mythic-hybrid;okeechobee-2018;portrait;red-hot-cock;rooster;teeter-totter
red-hot-cock__OMF18-nightfire__25706908187.jpg,Red-Hot-Cock-2018,red-hot-cock,Rooster spitting flame while rocked (night),Okeechobee Music Festival 2018,Okeechobee FL,2018,Kris Krüg,https://www.flickr.com/photos/kk/25706908187,yes,high,Hero candidate; fire-in-action,kk-owned,4129,5555,2018-03-01,local,community-built;congregation;contraptionism;fire-cauldron;flickr;hero;jackal-rooster;kk-photo;log-sacrifice;mythic-hybrid;okeechobee-2018;red-hot-cock;rooster;teeter-totter
red-hot-cock__OMF18-sign__38770045520.jpg,Red-Hot-Cock-2018,red-hot-cock,Hand-lettered 'Uncle Charlie's Cock - Roasted Tube Steaks' sign-flag (Little Ed),Okeechobee Music Festival 2018,Okeechobee FL,2018,Kris Krüg,https://www.flickr.com/photos/kk/38770045520,yes,high,Hand-lettered signage; crew Little Ed,kk-owned,3703,5555,2018-03-01,local,charlie;community-built;congregation;contraptionism;crew;fire-cauldron;flickr;hero;jackal-rooster;kk-photo;log-sacrifice;mythic-hybrid;okeechobee-2018;red-hot-cock;rooster;signage;teeter-totter
red-hot-cock__OMF18-littleed__26708433908.jpg,Red-Hot-Cock-2018,red-hot-cock,Little Ed on a road case beneath the sign-flag,Okeechobee Music Festival 2018,Okeechobee FL,2018,Kris Krüg,https://www.flickr.com/photos/kk/26708433908,no,high,crew: Little Ed,kk-owned,3703,5555,2018-03-01,local,community-built;congregation;contraptionism;crew;fire-cauldron;flickr;jackal-rooster;kk-photo;log-sacrifice;mythic-hybrid;okeechobee-2018;red-hot-cock;rooster;teeter-totter
red-hot-cock__OMF18-paperboy-build__39869645374.jpg,Red-Hot-Cock-2018,red-hot-cock,Paperboy drilling the rooster's metal feathers,Okeechobee Music Festival 2018,Okeechobee FL,2018,Kris Krüg,https://www.flickr.com/photos/kk/39869645374,no,high,crew: Paperboy; fabrication,kk-owned,5555,3703,2018-03-01,local,community-built;congregation;contraptionism;crew;fire-cauldron;flickr;jackal-rooster;kk-photo;log-sacrifice;mythic-hybrid;okeechobee-2018;red-hot-cock;rooster;teeter-totter
red-hot-cock__OMF18-paperboy-portrait__39685528665.jpg,Red-Hot-Cock-2018,red-hot-cock,Paperboy beside the rooster body,Okeechobee Music Festival 2018,Okeechobee FL,2018,Kris Krüg,https://www.flickr.com/photos/kk/39685528665,no,high,crew: Paperboy,kk-owned,5555,3703,2018-03-01,local,community-built;congregation;contraptionism;crew;fire-cauldron;flickr;jackal-rooster;kk-photo;log-sacrifice;mythic-hybrid;okeechobee-2018;red-hot-cock;rooster;teeter-totter
red-hot-cock__OMF18-night2__39682755635.jpg,Red-Hot-Cock-2018,red-hot-cock,Rooster lit purple with flag (night),Okeechobee Music Festival 2018,Okeechobee FL,2018,Kris Krüg,https://www.flickr.com/photos/kk/39682755635,no,high,night atmosphere,kk-owned,4166,5555,2018-03-01,local,community-built;congregation;contraptionism;fire-cauldron;flickr;jackal-rooster;kk-photo;log-sacrifice;mythic-hybrid;okeechobee-2018;red-hot-cock;rooster;teeter-totter
red-hot-cock__OMF18-night3__38767354030.jpg,Red-Hot-Cock-2018,red-hot-cock,Rooster with flame; woman beside (night),Okeechobee Music Festival 2018,Okeechobee FL,2018,Kris Krüg,https://www.flickr.com/photos/kk/38767354030,no,high,night atmosphere,kk-owned,3703,5555,2018-03-01,local,community-built;congregation;contraptionism;fire-cauldron;flickr;jackal-rooster;kk-photo;log-sacrifice;mythic-hybrid;okeechobee-2018;red-hot-cock;rooster;teeter-totter
red-hot-cock__OMF18-tattoo__40537861902.jpg,Red-Hot-Cock-2018,red-hot-cock,Charlie's tattoo of the rooster sculpture on his stomach,Okeechobee Music Festival 2018,Okeechobee FL,2018,Kris Krüg,https://www.flickr.com/photos/kk/40537861902,yes,high,Notable personal detail — KK-flagged,kk-owned,5555,3703,2018-03-01,local,charlie;community-built;congregation;contraptionism;detail;fire-cauldron;flickr;hero;jackal-rooster;kk-photo;log-sacrifice;mythic-hybrid;okeechobee-2018;red-hot-cock;rooster;teeter-totter
red-hot-cock__OMF18-tubesteaks__40617852372.jpg,Red-Hot-Cock-2018,red-hot-cock,Charlie serving tube steaks from the cock's poop chute,Okeechobee Music Festival 2018,Okeechobee FL,2018,Kris Krüg,https://www.flickr.com/photos/kk/40617852372,yes,high,The meat-from-the-cock ritual — story-iconic,kk-owned,5555,3703,2018-03-03,local,charlie;community-built;congregation;contraptionism;fire-cauldron;flickr;hero;jackal-rooster;kk-photo;log-sacrifice;mythic-hybrid;okeechobee-2018;red-hot-cock;rooster;teeter-totter
red-hot-cock__OMF18-ride__40659822121.jpg,Red-Hot-Cock-2018,red-hot-cock,Riding the ride (rocking the kinetic rooster),Okeechobee Music Festival 2018,Okeechobee FL,2018,Kris Krüg,https://www.flickr.com/photos/kk/40659822121,no,high,participation,kk-owned,5555,3703,2018-03-03,local,community-built;congregation;contraptionism;fire-cauldron;flickr;jackal-rooster;kk-photo;log-sacrifice;mythic-hybrid;okeechobee-2018;red-hot-cock;ride;rooster;teeter-totter
red-hot-cock__OMF18-crew-group__39763858115.jpg,Red-Hot-Cock-2018,red-hot-cock,The whole ASS Camp crew (minus KK),Okeechobee Music Festival 2018,Okeechobee FL,2018,Kris Krüg,https://www.flickr.com/photos/kk/39763858115,yes,high,group portrait,kk-owned,5555,3704,2018-03-02,local,camp;community-built;congregation;contraptionism;crew;fire-cauldron;flickr;hero;jackal-rooster;kk-photo;log-sacrifice;mythic-hybrid;okeechobee-2018;portrait;red-hot-cock;rooster;teeter-totter
red-hot-cock__OMF18-iconic__26828305048.jpg,Red-Hot-Cock-2018,red-hot-cock,KK-flagged ICONIC frame for this set,Okeechobee Music Festival 2018,Okeechobee FL,2018,Kris Krüg,https://www.flickr.com/photos/kk/26828305048,yes,high,HERO,kk-owned,5555,3703,2018-03-04,local,community-built;congregation;contraptionism;fire-cauldron;flickr;hero;jackal-rooster;kk-photo;log-sacrifice;mythic-hybrid;okeechobee-2018;red-hot-cock;rooster;teeter-totter
red-hot-cock__OMF18-poofers__39767906675.jpg,Red-Hot-Cock-2018,red-hot-cock,Paperboy fixing propane poofers,Okeechobee Music Festival 2018,Okeechobee FL,2018,Kris Krüg,https://www.flickr.com/photos/kk/39767906675,no,high,crew Paperboy; flame-fx,kk-owned,3703,5555,2018-03-03,local,community-built;congregation;contraptionism;crew;fire-cauldron;flickr;jackal-rooster;kk-photo;log-sacrifice;mythic-hybrid;okeechobee-2018;red-hot-cock;rooster;teeter-totter
red-hot-cock__OMF18-jaredchen__25828813977.jpg,Red-Hot-Cock-2018,red-hot-cock,Jared Chen (resident alien),Okeechobee Music Festival 2018,Okeechobee FL,2018,Kris Krüg,https://www.flickr.com/photos/kk/25828813977,no,high,crew,kk-owned,5555,4552,2018-03-05,local,community-built;congregation;contraptionism;crew;fire-cauldron;flickr;jackal-rooster;kk-photo;log-sacrifice;mythic-hybrid;okeechobee-2018;red-hot-cock;rooster;teeter-totter
red-hot-cock__OMF18-prescott__40657445652.jpg,Red-Hot-Cock-2018,red-hot-cock,Prescott McCarthy,Okeechobee Music Festival 2018,Okeechobee FL,2018,Kris Krüg,https://www.flickr.com/photos/kk/40657445652,no,high,crew,kk-owned,3703,5555,2018-03-04,local,community-built;congregation;contraptionism;crew;fire-cauldron;flickr;jackal-rooster;kk-photo;log-sacrifice;mythic-hybrid;okeechobee-2018;red-hot-cock;rooster;teeter-totter
red-hot-cock__OMF18-trio__40700262381.jpg,Red-Hot-Cock-2018,red-hot-cock,Jared Chen / Dana Chambers / Prescott McCarthy,Okeechobee Music Festival 2018,Okeechobee FL,2018,Kris Krüg,https://www.flickr.com/photos/kk/40700262381,no,high,crew group,kk-owned,5555,3703,2018-03-04,local,community-built;congregation;contraptionism;crew;fire-cauldron;flickr;jackal-rooster;kk-photo;log-sacrifice;mythic-hybrid;okeechobee-2018;red-hot-cock;rooster;teeter-totter
red-hot-cock__OMF18-liljoe__40700310191.jpg,Red-Hot-Cock-2018,red-hot-cock,Faded Lil Joe (late night),Okeechobee Music Festival 2018,Okeechobee FL,2018,Kris Krüg,https://www.flickr.com/photos/kk/40700310191,no,high,crew,kk-owned,3703,5555,2018-03-04,local,community-built;congregation;contraptionism;crew;fire-cauldron;flickr;jackal-rooster;kk-photo;log-sacrifice;mythic-hybrid;okeechobee-2018;red-hot-cock;rooster;teeter-totter
red-hot-cock__OMF18-late-charlie__38889696540.jpg,Red-Hot-Cock-2018,red-hot-cock,Late-night Charlie,Okeechobee Music Festival 2018,Okeechobee FL,2018,Kris Krüg,https://www.flickr.com/photos/kk/38889696540,no,high,charlie portrait night,kk-owned,5555,3703,2018-03-04,local,charlie;community-built;congregation;contraptionism;fire-cauldron;flickr;jackal-rooster;kk-photo;log-sacrifice;mythic-hybrid;okeechobee-2018;portrait;red-hot-cock;rooster;teeter-totter
OMF18-album-index,Red-Hot-Cock-2018,red-hot-cock,Full annotated album index (~60 frames),Okeechobee Music Festival 2018,Okeechobee FL,2018,Kris Krüg,https://www.flickr.com/photos/kk/albums/72157664196141677,no,medium,See Red-Hot-Cock-2018/_Okeechobee-2018-captions.md for the full per-photo index,kk-owned,,,,reference,community-built;congregation;contraptionism;fire-cauldron;flickr;jackal-rooster;kk-photo;log-sacrifice;mythic-hybrid;okeechobee-2018;red-hot-cock;rooster;teeter-totter
red-hot-cock__OMF16-charlie__24901613514.jpg,Okeechobee-2016,red-hot-cock,Charlie at Okeechobee 2016,Okeechobee Music Festival 2016 (#OMF16),Okeechobee FL,2016,Kris Krüg,https://www.flickr.com/photos/kk/24901613514,yes,high,KK-labeled 'charlie',kk-owned,5000,3333,2016-03-03,local,charlie;community-built;congregation;contraptionism;fire-cauldron;flickr;hero;jackal-rooster;kk-photo;log-sacrifice;mythic-hybrid;okeechobee-2016;red-hot-cock;rooster;teeter-totter
OMF16-02__25236534040.jpg,Okeechobee-2016,,Charlie 'Blackcat' Smith laughing at the festival (Elmyr's trucker hat),Okeechobee Music Festival 2016,Okeechobee FL,2016,Kris Krüg,https://www.flickr.com/photos/kk/25236534040,no,high,Charlie candid portrait; identified via Elmyr/Blackcat gear,kk-owned,5000,3333,2016-03-03,local,charlie;flickr;kk-photo;okeechobee-2016;portrait
OMF16-03__25532167265.jpg,Okeechobee-2016,,Charlie (Blackcat-logo tee) talking with festival-goers,Okeechobee Music Festival 2016,Okeechobee FL,2016,Kris Krüg,https://www.flickr.com/photos/kk/25532167265,no,high,Charlie candid; Blackcat shirt + Elmyr hat,kk-owned,5000,3333,2016-03-03,local,charlie;flickr;kk-photo;okeechobee-2016
OMF16-04__25114287604.jpg,Okeechobee-2016,fleeble-flobbler,"The Fleeble Flobbler firing flames at night — crowd, flags, ferris wheel",Okeechobee Music Festival 2016,Okeechobee FL,2016,Kris Krüg,https://www.flickr.com/photos/kk/25114287604,yes,high,Night hero: rideable clown fire cauldron in action,kk-owned,1080,998,,local,clown;fire-cauldron;fleeble-flobbler;flickr;hero;inner-child;kk-photo;mythic-hybrid;okeechobee-2016;ride;teeter-totter
fleeble-flobbler__fleeble-05__25503117195.jpg,portfolio-images,fleeble-flobbler,Fleeble Flobbler at Okeechobee 2016,Okeechobee Music Festival 2016,Okeechobee FL,2016,Kris Krüg,https://www.flickr.com/photos/kk/25503117195,no,high,Fleeble album 72157665299462772 = OMF 2016,kk-owned,5000,3333,2016-03-03,local,clown;fire-cauldron;fleeble-flobbler;flickr;inner-child;kk-photo;mythic-hybrid;okeechobee-2016;ride;teeter-totter
fleeble-flobbler__OMF16-thrumyeyes__25510149811.jpg,Okeechobee-2016,fleeble-flobbler,Fleeble/OMF16 (other photographer),Okeechobee Music Festival 2016,Okeechobee FL,2016,thru-my-eyes (NOT KK),https://www.flickr.com/photos/thru-my-eyes/25510149811,no,medium,Credit Flickr user 'thru-my-eyes',third-party,3264,4896,,local,clown;fire-cauldron;fleeble-flobbler;flickr;inner-child;mythic-hybrid;okeechobee-2016;press;ride;teeter-totter
ganesha__OMF17-ganesha-build__33189087926.jpg,Ganesha,ganesha,RARE Ganesha build shot,Okeechobee Music Festival 2017,Okeechobee FL,2017,Kris Krüg,https://www.flickr.com/photos/kk/33189087926,yes,high,KK: 'rare build shot of ganesha',kk-owned,3331,2221,2017-03-02,local,build;flickr;ganesha;hero;kk-photo;mythic-deity;okeechobee-2017;transformation
ganesha__OMF17-ganesha-detail__32386641124.jpg,Ganesha,ganesha,RARE Ganesha detail shot,Okeechobee Music Festival 2017,Okeechobee FL,2017,Kris Krüg,https://www.flickr.com/photos/kk/32386641124,yes,high,KK: 'rare detail shot of that piece',kk-owned,3360,2240,2017-03-02,local,detail;flickr;ganesha;hero;kk-photo;mythic-deity;okeechobee-2017;transformation
OMF17-camp__33074508812.jpg,Okeechobee-2017,,Our camp that year,Okeechobee Music Festival 2017,Okeechobee FL,2017,Kris Krüg,https://www.flickr.com/photos/kk/33074508812,no,high,KK: 'our camp that year',kk-owned,3360,2240,2017-03-02,local,camp;flickr;kk-photo;okeechobee-2017
OMF17-firewood__33130742272.jpg,Okeechobee-2017,,Firewood stacks + flags,Okeechobee Music Festival 2017,Okeechobee FL,2017,Kris Krüg,https://www.flickr.com/photos/kk/33130742272,no,high,KK: 'nice firewood stacks,kk-owned,3360,2240,2017-03-03,local,flickr;kk-photo;okeechobee-2017
OMF17-portal__33098669092.jpg,Okeechobee-2017,,Portal shot,Okeechobee Music Festival 2017,Okeechobee FL,2017,Kris Krüg,https://www.flickr.com/photos/kk/33098669092,yes,high,KK: 'love this portal shot' — hero,kk-owned,3142,2166,2017-03-02,local,flickr;hero;kk-photo;okeechobee-2017
OMF17-okee__33254549345.jpg,Okeechobee-2017,,OMF17 find,Okeechobee Music Festival 2017,Okeechobee FL,2017,Kris Krüg,https://www.flickr.com/photos/kk/33254549345,no,high,KK: 'been looking for these for YEARS okee2017',kk-owned,3270,2180,2017-03-02,local,flickr;kk-photo;okeechobee-2017
OMF17-05__32411048414.jpg,Okeechobee-2017,fire-birds,"Fire Birds-style winged steel fire cauldron (daytime), OMF 2017",Okeechobee Music Festival 2017,Okeechobee FL,2017,Kris Krüg,https://www.flickr.com/photos/kk/32411048414,no,medium,Winged cut-panel design matches Fire Birds of the Fifth Direction (BM 2011),kk-owned,3360,2240,2017-03-02,local,bird;community-built;congregation;fire-birds;fire-cauldron;flickr;kk-photo;mythic-hybrid;okeechobee-2017;transformation
fleeble-flobbler__fleeble-iconic__25384658202.jpg,portfolio-images,fleeble-flobbler,Fleeble Flobbler (MOST ICONIC),,,,Kris Krüg,https://www.flickr.com/photos/kk/25384658202/in/album-72157665299462772,yes,high,KK-flagged MOST ICONIC Fleeble shot (same frame featured in his 2023 blog) — HERO SHOT,kk-owned,5000,3333,2016-03-03,local,clown;fire-cauldron;fleeble-flobbler;flickr;hero;inner-child;kk-photo;mythic-hybrid;ride;teeter-totter
fleeble-flobbler__sparceland__fleebler-in-texas__8e31d4.jpg,portfolio-images,fleeble-flobbler,fleebler in texas,,,,Charlie Smith,sparceland.com/ride-shift,no,medium,sparceland CDN image,charlie-site,720,478,,local,charlie-site;clown;fire-cauldron;fleeble-flobbler;inner-child;mythic-hybrid;ride;sparceland;teeter-totter
fleeble-flobbler__sparceland__image-asset__bbea4f.jpeg,portfolio-images,fleeble-flobbler,image asset,,,,Charlie Smith,sparceland.com/ride-shift,no,medium,sparceland CDN image,charlie-site,800,533,,local,charlie-site;clown;fire-cauldron;fleeble-flobbler;inner-child;mythic-hybrid;ride;sparceland;teeter-totter
fleeble-flobbler__sparceland__17813813-10155215256004243-511594455-n__dc01e3.jpg,portfolio-images,fleeble-flobbler,17813813 10155215256004243 511594455 n,,,,Charlie Smith,sparceland.com/ride-shift,no,medium,sparceland CDN image,charlie-site,850,807,,local,charlie-site;clown;fire-cauldron;fleeble-flobbler;inner-child;mythic-hybrid;ride;sparceland;teeter-totter
time-star__sparceland__11999608-10153408330476773-2728126910013__e43e9c.jpg,portfolio-images,time-star,11999608 10153408330476773 2728126910013,,,,Charlie Smith,sparceland.com/247-time-star,no,medium,sparceland CDN image,charlie-site,1356,2048,,local,charlie-site;community-built;seven;sparceland;sun;teeter-totter;time;time-star
time-star__sparceland__timestar-2012scale__687ffe.jpg,portfolio-images,time-star,timestar 2012scale,,,,Charlie Smith,sparceland.com/247-time-star,no,medium,sparceland CDN image,charlie-site,960,640,,local,charlie-site;community-built;seven;sparceland;sun;teeter-totter;time;time-star
time-star__sparceland__yoga-247-star__a409c1.jpg,portfolio-images,time-star,yoga 247 star,,,,Charlie Smith,sparceland.com/247-time-star,no,medium,sparceland CDN image,charlie-site,960,776,,local,charlie-site;community-built;seven;sparceland;sun;teeter-totter;time;time-star
time-star__sparceland__11951555-10205304129059119-3903135082583__d0ae53.jpg,portfolio-images,time-star,11951555 10205304129059119 3903135082583,,,,Charlie Smith,sparceland.com/247-time-star,no,medium,sparceland CDN image,charlie-site,2048,1368,,local,charlie-site;community-built;seven;sparceland;sun;teeter-totter;time;time-star
time-star__sparceland__charlie-2522blackcat-2522-and-his-timest__1722eb.jpg,portfolio-images,time-star,charlie 2522blackcat 2522 and his timest,,,,Charlie Smith,sparceland.com/247-time-star,no,medium,sparceland CDN image,charlie-site,2048,1425,,local,charlie;charlie-site;community-built;seven;sparceland;sun;teeter-totter;time;time-star
time-star__sparceland__img-6996__83247f.jpg,portfolio-images,time-star,img 6996,,,,Charlie Smith,sparceland.com/247-time-star,no,medium,sparceland CDN image,charlie-site,1704,640,,local,charlie-site;community-built;seven;sparceland;sun;teeter-totter;time;time-star
time-star__sparceland__image-asset__109309.jpeg,portfolio-images,time-star,image asset,,,,Charlie Smith,sparceland.com/247-time-star,no,medium,sparceland CDN image,charlie-site,960,702,,local,charlie-site;community-built;seven;sparceland;sun;teeter-totter;time;time-star
time-star__sparceland__image-asset__9917f6.jpeg,portfolio-images,time-star,image asset,,,,Charlie Smith,sparceland.com/247-time-star,no,medium,sparceland CDN image,charlie-site,960,634,,local,charlie-site;community-built;seven;sparceland;sun;teeter-totter;time;time-star
time-star__sparceland__c-portrait1starnwil__da6115.jpg,portfolio-images,time-star,c portrait1starnwil,,,,Charlie Smith,sparceland.com/247-time-star,no,medium,sparceland CDN image,charlie-site,720,480,,local,charlie-site;community-built;portrait;seven;sparceland;sun;teeter-totter;time;time-star
sparceland__image-asset__e7ee36.jpeg,portfolio-images,,image asset,,,,Charlie Smith,sparceland.com/gallery-shift,no,medium,sparceland CDN image,charlie-site,960,677,,local,charlie-site;sparceland
sparceland__bird-cage2__14f1c6.jpg,portfolio-images,,bird cage2,,,,Charlie Smith,sparceland.com/gallery-shift,no,medium,sparceland CDN image,charlie-site,930,768,,local,charlie-site;sparceland
sparceland__evereman3__961e35.jpg,portfolio-images,,evereman3,,,,Charlie Smith,sparceland.com/gallery-shift,no,medium,sparceland CDN image,charlie-site,640,960,,local,charlie-site;sparceland
sparceland__firebirds1__e1b6f9.jpg,portfolio-images,,firebirds1,,,,Charlie Smith,sparceland.com/gallery-shift,no,medium,sparceland CDN image,charlie-site,960,640,,local,charlie-site;sparceland
sparceland__tripple-by-pass-africa__a9927e.jpg,portfolio-images,,tripple by pass africa,,,,Charlie Smith,sparceland.com/gallery-shift,no,medium,sparceland CDN image,charlie-site,960,720,,local,charlie-site;sparceland
sparceland__synapses-center__3301c0.jpg,portfolio-images,,synapses center,,,,Charlie Smith,sparceland.com/gallery-shift,no,medium,sparceland CDN image,charlie-site,640,960,,local,charlie-site;sparceland
sparceland__10157400-732429746810360-632976613502463__a77278.jpg,portfolio-images,,10157400 732429746810360 632976613502463,,,,Charlie Smith,sparceland.com/gallery-shift,no,medium,sparceland CDN image,charlie-site,960,640,,local,charlie-site;sparceland
sparceland__image-asset__b93c4c.jpeg,portfolio-images,,image asset,,,,Charlie Smith,sparceland.com/gallery-shift,no,medium,sparceland CDN image,charlie-site,1072,1072,,local,charlie-site;sparceland
sparceland__image-asset__28abaf.jpeg,portfolio-images,,image asset,,,,Charlie Smith,sparceland.com/gallery-shift,no,medium,sparceland CDN image,charlie-site,453,604,,local,charlie-site;sparceland
sparceland__image-asset__1c76bc.jpeg,portfolio-images,,image asset,,,,Charlie Smith,sparceland.com/gallery-shift,no,medium,sparceland CDN image,charlie-site,1000,667,,local,charlie-site;sparceland
sparceland__dsc-9717__175ab2.jpg,portfolio-images,,dsc 9717,,,,Charlie Smith,sparceland.com/gallery-shift,no,medium,sparceland CDN image,charlie-site,1400,934,,local,charlie-site;sparceland
sparceland__image-asset__621f7a.jpeg,portfolio-images,,image asset,,,,Charlie Smith,sparceland.com/gallery-shift,no,medium,sparceland CDN image,charlie-site,1400,935,,local,charlie-site;sparceland
sparceland__image-asset__c5f5b1.jpeg,portfolio-images,,image asset,,,,Charlie Smith,sparceland.com/gallery-shift,no,medium,sparceland CDN image,charlie-site,1400,935,,local,charlie-site;sparceland
sparceland__dsc-3298__6da4f5.jpg,portfolio-images,,dsc 3298,,,,Charlie Smith,sparceland.com/gallery-shift,no,medium,sparceland CDN image,charlie-site,1400,935,,local,charlie-site;sparceland
sparceland__image-asset__440b78.jpeg,portfolio-images,,image asset,,,,Charlie Smith,sparceland.com/gallery-shift,no,medium,sparceland CDN image,charlie-site,1400,935,,local,charlie-site;sparceland
sparceland__dsc-2661__7008ab.jpg,portfolio-images,,dsc 2661,,,,Charlie Smith,sparceland.com/gallery-shift,no,medium,sparceland CDN image,charlie-site,1500,1002,,local,charlie-site;sparceland
sparceland__dsc-5848__feb784.jpg,portfolio-images,,dsc 5848,,,,Charlie Smith,sparceland.com/gallery-shift,no,medium,sparceland CDN image,charlie-site,1400,934,,local,charlie-site;sparceland
sparceland__dsc-3818__23d2e7.jpg,portfolio-images,,dsc 3818,,,,Charlie Smith,sparceland.com/gallery-shift,no,medium,sparceland CDN image,charlie-site,935,1400,,local,charlie-site;sparceland
sparceland__dsc-1169__41e2da.jpg,portfolio-images,,dsc 1169,,,,Charlie Smith,sparceland.com/gallery-shift,no,medium,sparceland CDN image,charlie-site,1500,1002,,local,charlie-site;sparceland
sparceland__dsc-0185__e72bcf.jpg,portfolio-images,,dsc 0185,,,,Charlie Smith,sparceland.com/gallery-shift,no,medium,sparceland CDN image,charlie-site,1300,868,,local,charlie-site;sparceland
sparceland__dsc-0869__c73d94.jpg,portfolio-images,,dsc 0869,,,,Charlie Smith,sparceland.com/gallery-shift,no,medium,sparceland CDN image,charlie-site,1400,935,,local,charlie-site;sparceland
sparceland__dsc-0897__42b387.jpg,portfolio-images,,dsc 0897,,,,Charlie Smith,sparceland.com/gallery-shift,no,medium,sparceland CDN image,charlie-site,1400,935,,local,charlie-site;sparceland
sparceland__dsc-1092__0354ba.jpg,portfolio-images,,dsc 1092,,,,Charlie Smith,sparceland.com/gallery-shift,no,medium,sparceland CDN image,charlie-site,868,1300,,local,charlie-site;sparceland
sparceland__dsc-0246__b0f2ab.jpg,portfolio-images,,dsc 0246,,,,Charlie Smith,sparceland.com/gallery-shift,no,medium,sparceland CDN image,charlie-site,1300,868,,local,charlie-site;sparceland
sparceland__1235985-10151560693716315-832299547-n__356c0d.jpg,portfolio-images,,1235985 10151560693716315 832299547 n,,,,Charlie Smith,sparceland.com/gallery-shift,no,medium,sparceland CDN image,charlie-site,720,960,,local,charlie-site;sparceland
sparceland__1236927-10151560693036315-4253785-n__f3df4d.jpg,portfolio-images,,1236927 10151560693036315 4253785 n,,,,Charlie Smith,sparceland.com/gallery-shift,no,medium,sparceland CDN image,charlie-site,640,480,,local,charlie-site;sparceland
sparceland__image-asset__e97d55.png,portfolio-images,,image asset,,,,Charlie Smith,sparceland.com/gallery-shift,no,medium,sparceland CDN image,charlie-site,675,548,,local,charlie-site;sparceland
sparceland__ejm6372__46746a.jpg,portfolio-images,,ejm6372,,,,Charlie Smith,sparceland.com/gallery-shift,no,medium,sparceland CDN image,charlie-site,2500,1668,2018-01-26,local,charlie-site;sparceland
sparceland__fabrication-process__d9d228.jpg,portfolio-images,,fabrication process,,,,Charlie Smith,sparceland.com/gallery-shift,no,medium,sparceland CDN image,charlie-site,2048,1366,,local,charlie-site;sparceland
sparceland__firebirds__cb8405.jpg,portfolio-images,,firebirds,,,,Charlie Smith,sparceland.com/gallery-shift,no,medium,sparceland CDN image,charlie-site,960,720,,local,charlie-site;sparceland
sparceland__afrikaburns-tripple-bypass__80a0cd.jpg,portfolio-images,,afrikaburns tripple bypass,,,,Charlie Smith,sparceland.com/gallery-shift,no,medium,sparceland CDN image,charlie-site,1000,667,,local,charlie-site;sparceland
sparceland__time-star-red__9953e8.jpg,portfolio-images,,time star red,,,,Charlie Smith,sparceland.com/gallery-shift,no,medium,sparceland CDN image,charlie-site,1024,768,,local,charlie-site;sparceland
sparceland__time-star-5__ad61e1.jpg,portfolio-images,,time star 5,,,,Charlie Smith,sparceland.com/gallery-shift,no,medium,sparceland CDN image,charlie-site,604,604,,local,charlie-site;sparceland
sparceland__piggy-nyc-116__ba418e.jpg,portfolio-images,,piggy nyc 116,,,,Charlie Smith,sparceland.com/gallery-shift,no,medium,sparceland CDN image,charlie-site,2248,4000,,local,charlie-site;sparceland
sparceland__piggy-nyc-076__d03408.jpg,portfolio-images,,piggy nyc 076,,,,Charlie Smith,sparceland.com/gallery-shift,no,medium,sparceland CDN image,charlie-site,2500,1405,,local,charlie-site;sparceland
sparceland__piggy-nyc-060__9804e9.jpg,portfolio-images,,piggy nyc 060,,,,Charlie Smith,sparceland.com/gallery-shift,no,medium,sparceland CDN image,charlie-site,2500,1405,,local,charlie-site;sparceland
sparceland__piggy-nyc-051__a03f19.jpg,portfolio-images,,piggy nyc 051,,,,Charlie Smith,sparceland.com/gallery-shift,no,medium,sparceland CDN image,charlie-site,2500,1405,,local,charlie-site;sparceland
sparceland__sparsleand-studio__c303b2.jpg,portfolio-images,,sparsleand studio,,,,Charlie Smith,sparceland.com/gallery-shift,no,medium,sparceland CDN image,charlie-site,850,807,,local,charlie-site;sparceland
sparceland__hearth-inside-fire-of-fires__42e7f3.jpg,portfolio-images,,hearth inside fire of fires,,,,Charlie Smith,sparceland.com/gallery-shift,no,medium,sparceland CDN image,charlie-site,667,1000,,local,charlie-site;sparceland
sparceland__goatheadedrooster__fbd692.jpg,portfolio-images,,goatheadedrooster,,,,Charlie Smith,sparceland.com/gallery-shift,no,medium,sparceland CDN image,charlie-site,720,960,,local,charlie-site;sparceland
sparceland__ejmoriarty__05fe7f.jpg,portfolio-images,,ejmoriarty,,,,Charlie Smith,sparceland.com/gallery-shift,no,medium,sparceland CDN image,charlie-site,2048,1457,,local,charlie-site;sparceland
sparceland__dsc-1046__d42db9.jpg,portfolio-images,,dsc 1046,,,,Charlie Smith,sparceland.com/gallery-shift,no,medium,sparceland CDN image,charlie-site,1247,935,,local,charlie-site;sparceland
sparceland__unnamed-1__bc12df.jpg,portfolio-images,,unnamed 1,,,,Charlie Smith,sparceland.com/gallery-shift,no,medium,sparceland CDN image,charlie-site,404,303,,local,charlie-site;sparceland
sparceland__camp-frontage-2014__bf8462.jpg,portfolio-images,,camp frontage 2014,,,,Charlie Smith,sparceland.com/gallery-shift,no,medium,sparceland CDN image,charlie-site,960,640,,local,camp;charlie-site;sparceland
sparceland__304060-10150309143539076-1982985047-n__fbc2ea.jpg,portfolio-images,,304060 10150309143539076 1982985047 n,,,,Charlie Smith,sparceland.com/gallery-shift,no,medium,sparceland CDN image,charlie-site,960,640,,local,charlie-site;sparceland
sparceland__ganecko__5ee455.jpg,portfolio-images,,ganecko,,,,Charlie Smith,sparceland.com/gallery-shift,no,medium,sparceland CDN image,charlie-site,1080,1080,,local,charlie-site;sparceland
sparceland__image-asset__9d66cc.jpeg,portfolio-images,,image asset,,,,Charlie Smith,sparceland.com/gallery-shift,no,medium,sparceland CDN image,charlie-site,983,960,,local,charlie-site;sparceland
sparceland__image-asset__41719e.jpeg,portfolio-images,,image asset,,,,Charlie Smith,sparceland.com/gallery-shift,no,medium,sparceland CDN image,charlie-site,1334,889,,local,charlie-site;sparceland
sparceland__image-asset__cc9b72.jpeg,portfolio-images,,image asset,,,,Charlie Smith,sparceland.com/gallery-shift,no,medium,sparceland CDN image,charlie-site,640,960,,local,charlie-site;sparceland
sparceland__image-asset__d2c8f1.jpeg,portfolio-images,,image asset,,,,Charlie Smith,sparceland.com/gallery-shift,no,medium,sparceland CDN image,charlie-site,2048,1152,,local,charlie-site;sparceland
sparceland__image-asset__c2020f.jpeg,portfolio-images,,image asset,,,,Charlie Smith,sparceland.com/gallery-shift,no,medium,sparceland CDN image,charlie-site,1813,1360,,local,charlie-site;sparceland
sparceland__304060-10150309143539076-1982985047-n__5ebd9f.jpg,portfolio-images,,304060 10150309143539076 1982985047 n,,,,Charlie Smith,sparceland.com/bio-shift,no,medium,sparceland CDN image,charlie-site,960,640,,local,charlie-site;sparceland
scans/andsoon__andsoon.gif,Poetry,,poem scan: andsoon,,,,Charlie Smith,howhowhow.com/poems/andsoon.html,no,medium,poem visual from old site,charlie-site,154,442,,local,charlie-site;howhowhow;poem
scans/cheekyfreak__cheekyfreak.gif,Poetry,,poem scan: cheekyfreak,,,,Charlie Smith,howhowhow.com/poems/cheekyfreak.html,no,medium,poem visual from old site,charlie-site,236,489,,local,charlie-site;howhowhow;poem
scans/chicken__rooster.jpg,Poetry,,poem scan: chicken,,,,Charlie Smith,howhowhow.com/poems/chicken.html,no,medium,poem visual from old site,charlie-site,268,400,,local,charlie-site;howhowhow;poem
scans/chickenbaby__chickenbaby.jpg,Poetry,,poem scan: chickenbaby,,,,Charlie Smith,howhowhow.com/poems/chickenbaby.html,no,medium,poem visual from old site,charlie-site,295,400,,local,charlie-site;howhowhow;poem
scans/chickens__chickens.gif,Poetry,,poem scan: chickens,,,,Charlie Smith,howhowhow.com/poems/chickens.html,no,medium,poem visual from old site,charlie-site,236,318,,local,charlie-site;howhowhow;poem
scans/cuspofgoodness__cuspofgoodness.gif,Poetry,,poem scan: cuspofgoodness,,,,Charlie Smith,howhowhow.com/poems/cuspofgoodness.html,no,medium,poem visual from old site,charlie-site,287,581,,local,charlie-site;howhowhow;poem
scans/eff__eff.gif,Poetry,,poem scan: eff,,,,Charlie Smith,howhowhow.com/poems/eff.html,no,medium,poem visual from old site,charlie-site,250,360,,local,charlie-site;howhowhow;poem
scans/girlfrosty__girlfrosty.jpg,Poetry,,poem scan: girlfrosty,,,,Charlie Smith,howhowhow.com/poems/girlfrosty.html,no,medium,poem visual from old site,charlie-site,268,400,,local,charlie-site;howhowhow;poem
scans/heresmyditty__heresmyditty.gif,Poetry,,poem scan: heresmyditty,,,,Charlie Smith,howhowhow.com/poems/heresmyditty.html,no,medium,poem visual from old site,charlie-site,230,502,,local,charlie-site;howhowhow;poem
scans/isleptandslept__isleptandslept.gif,Poetry,,poem scan: isleptandslept,,,,Charlie Smith,howhowhow.com/poems/isleptandslept.html,no,medium,poem visual from old site,charlie-site,286,397,,local,charlie-site;howhowhow;poem
scans/newworldorder__newworldorder.gif,Poetry,,poem scan: newworldorder,,,,Charlie Smith,howhowhow.com/poems/newworldorder.html,no,medium,poem visual from old site,charlie-site,476,824,,local,charlie-site;howhowhow;poem
scans/orsoonethinks__orsoonethinks.gif,Poetry,,poem scan: orsoonethinks,,,,Charlie Smith,howhowhow.com/poems/orsoonethinks.html,no,medium,poem visual from old site,charlie-site,492,422,,local,charlie-site;howhowhow;poem
scans/pbr__pbr.jpg,Poetry,,poem scan: pbr,,,,Charlie Smith,howhowhow.com/poems/pbr.html,no,medium,poem visual from old site,charlie-site,300,400,,local,charlie-site;howhowhow;poem
scans/sohereitis__sohereitis.gif,Poetry,,poem scan: sohereitis,,,,Charlie Smith,howhowhow.com/poems/sohereitis.html,no,medium,poem visual from old site,charlie-site,228,557,,local,charlie-site;howhowhow;poem
scans/sothestorygoes__sothestorygoes.gif,Poetry,,poem scan: sothestorygoes,,,,Charlie Smith,howhowhow.com/poems/sothestorygoes.html,no,medium,poem visual from old site,charlie-site,546,301,,local,charlie-site;howhowhow;poem
scans/walkingwithchickens__walkingwithchickens.gif,Poetry,,poem scan: walkingwithchickens,,,,Charlie Smith,howhowhow.com/poems/walkingwithchickens.html,no,medium,poem visual from old site,charlie-site,359,374,,local,charlie-site;howhowhow;poem
scans/wanderinghorse__wanderinghorse.gif,Poetry,,poem scan: wanderinghorse,,,,Charlie Smith,howhowhow.com/poems/wanderinghorse.html,no,medium,poem visual from old site,charlie-site,395,248,,local,charlie-site;howhowhow;poem
red-hot-cock__bonnaroocock.jpg,howhowhow-news,red-hot-cock,Rooster piece at Bonnaroo,,,,Charlie Smith,howhowhow.com/news.html,no,low,old-site news gallery image,charlie-site,400,265,,local,charlie-site;community-built;congregation;contraptionism;fire-cauldron;howhowhow;jackal-rooster;log-sacrifice;mythic-hybrid;red-hot-cock;rooster;teeter-totter
fleeble-flobbler__bonnarooteeter.jpg,howhowhow-news,fleeble-flobbler,Teeter piece at Bonnaroo,,,,Charlie Smith,howhowhow.com/news.html,no,low,old-site news gallery image,charlie-site,400,300,,local,charlie-site;clown;fire-cauldron;fleeble-flobbler;howhowhow;inner-child;mythic-hybrid;ride;teeter-totter
contraptions__contraptions10.jpg,howhowhow-news,contraptions,Contraptions installation detail,,,,Charlie Smith,howhowhow.com/news.html,no,low,old-site news gallery image,charlie-site,400,225,2007-09-18,local,charlie-site;contraptions;detail;howhowhow;namesake-of-contraptionism
tunnel-of-transformation__jontunnelvolcano.jpg,howhowhow-news,tunnel-of-transformation,Tunnel of Transformation / volcano,,,,Charlie Smith,howhowhow.com/news.html,no,low,old-site news gallery image,charlie-site,400,280,,local,charlie-site;howhowhow;regional-touring;transformation;tunnel-of-transformation
L195106-R01-041-19.jpg,howhowhow-news,synapses-tour,"Night fire sculpture — twin curved panels with glowing symbol-disc cutouts, embers raining over crowd",,,,Charlie Smith,howhowhow.com/news.html,no,low,Film scan; symbol-disc cutouts suggest Synapses-era symbol cauldron — confirm with Charlie,charlie-site,400,270,2007-08-06,local,charlie-site;community-built;congregation;fire-cauldron;howhowhow;regional-burning-man;symbol-system;synapses-tour
synapses-tour__synapses.jpg,howhowhow-news,synapses-tour,Synapses fire cauldron,,,,Charlie Smith,howhowhow.com/news.html,no,low,old-site news gallery image,charlie-site,400,225,,local,charlie-site;community-built;congregation;fire-cauldron;howhowhow;regional-burning-man;symbol-system;synapses-tour
time-star__ajc-beltline-star.jpg,press,time-star,AJC article lead image,,,,AJC,https://www.ajc.com/lifestyles/meet-the-new-star-the-beltline/IdGxc2py9aKmamz3kJ5K2N/,no,low,press article lead image (og:image),third-party,,,,dropped-auth-gated,community-built;press;seven;sun;teeter-totter;time;time-star
fleeble-flobbler__creativeloafing-fleeble.png,press,fleeble-flobbler,Creative Loafing article lead image,,,,Creative Loafing,https://creativeloafing.com/content-212695-have-you-seen-charlie-smith-s-fleeble,no,low,press article lead image (og:image),third-party,1020,1020,,local,clown;fire-cauldron;fleeble-flobbler;inner-child;mythic-hybrid;press;ride;teeter-totter
time-star__artsatl-beltline.jpg,press,time-star,ArtsATL article lead image,,,,ArtsATL,https://www.artsatl.org/art-match-ambition-art-atlanta-beltline/,no,low,press article lead image (og:image),third-party,640,427,,local,community-built;press;seven;sun;teeter-totter;time;time-star
time-star__beltline-timestar.jpg,press,time-star,Atlanta BeltLine article lead image,,,,Atlanta BeltLine,https://beltline.org/art/a-247-timestar-lives/,no,low,press article lead image (og:image),third-party,1280,854,,local,community-built;press;seven;sun;teeter-totter;time;time-star
bmj-2015-artist-update.jpg,press,,Burning Man Journal article lead image,,,,Burning Man Journal,https://journal.burningman.org/2015/02/burning-man-arts/brc-art/artist-update-charlie-smith/,no,low,press article lead image (og:image),third-party,960,640,,local,press
time-star__bmj-2012-honoraria.jpg,press,time-star,Burning Man Journal article lead image,,,,Burning Man Journal,https://journal.burningman.org/2012/05/burning-man-arts/brc-art/burning-man-2012-honorarium-art-projects-announced/,no,low,press article lead image (og:image),third-party,1180,805,,local,community-built;press;seven;sun;teeter-totter;time;time-star
red-hot-cock__bmj-2018-honoraria.png,press,red-hot-cock,Burning Man Journal article lead image,,,,Burning Man Journal,https://journal.burningman.org/2018/02/burning-man-arts/brc-art/introducing-the-2018-black-rock-city-honoraria/,no,low,press article lead image (og:image),third-party,2048,2048,,local,community-built;congregation;contraptionism;fire-cauldron;jackal-rooster;log-sacrifice;mythic-hybrid;press;red-hot-cock;rooster;teeter-totter
kriskrug-profile.jpg,press,,Kris Krug article lead image,,,,Kris Krug,https://kriskrug.co/2023/08/30/the-artist-profile-of-charlie-blackcat-smith-the-johnny-appleseed-of-burning-man/,no,low,press article lead image (og:image),third-party,1199,416,,local,press
red-hot-cock__kriskrug-redhotcock.jpg,press,red-hot-cock,Kris Krug article lead image,,,,Kris Krug,https://kriskrug.co/2023/08/25/burning-man-art-projects-uncle-charlies-red-hot-cock-tyson-ayers-shrine-of-sympathetic-resonance/,no,low,press article lead image (og:image),third-party,1200,375,,local,community-built;congregation;contraptionism;fire-cauldron;jackal-rooster;log-sacrifice;mythic-hybrid;press;red-hot-cock;rooster;teeter-totter
fleeble-flobbler__liveandlisten-hulaween.jpg,press,fleeble-flobbler,Live and Listen article lead image,,,,Live and Listen,https://www.liveandlisten.com/blogs/news/suwannee-hulaween-celebrates-10-years-this-weekend,no,low,press article lead image (og:image),third-party,2048,1437,,local,clown;fire-cauldron;fleeble-flobbler;inner-child;mythic-hybrid;press;ride;teeter-totter
kk-interview-modern-myths-2023__ksJDcyZmvh4.jpg,Video-stills,,Modern Myths Unveiled interview thumbnail,,,,Kris Krug,https://www.youtube.com/watch?v=ksJDcyZmvh4,no,low,youtube maxres thumbnail (reference still),video-still,1280,720,,local,video-still
kk-redhotcock-shrine-2023__CSoU5gZDL6Y.jpg,Video-stills,red-hot-cock,Red Hot Cock + Shrine story thumbnail,,,,Kris Krug,https://www.youtube.com/watch?v=CSoU5gZDL6Y,no,low,youtube maxres thumbnail (reference still),video-still,1280,720,,local,community-built;congregation;contraptionism;fire-cauldron;jackal-rooster;log-sacrifice;mythic-hybrid;red-hot-cock;rooster;teeter-totter;video-still
redhotcock-build-2018__eL3aEgK2YCs.jpg,Video-stills,red-hot-cock,Red Hot Cock build video thumbnail,,,,unknown,https://www.youtube.com/watch?v=eL3aEgK2YCs,no,low,youtube maxres thumbnail (reference still),video-still,1280,720,,local,build;community-built;congregation;contraptionism;fire-cauldron;jackal-rooster;log-sacrifice;mythic-hybrid;red-hot-cock;rooster;teeter-totter;video-still
meet-the-blackcats-2024__bRfHe2OxmY4.jpg,Video-stills,,Meet The Blackcats family video thumbnail,,,,unknown,https://www.youtube.com/watch?v=bRfHe2OxmY4,no,low,youtube maxres thumbnail (reference still),video-still,1280,720,,local,video-still
00961019-D6A4-4BAE-876A-0A3F6C6ADB44__dngprev.jpg,Red-Hot-Cock-BM2018,red-hot-cock,Charlie laughing with capped crewmate during steel-beam build on the playa,Burning Man 2018,,2018,Kris Krüg,local: Charlie Smith BLackcat folder (KK 2018),yes,high,people: Charlie; scene: build; cam: Canon EOS 5D Mark IV,kk-owned,2560,1707,2018-08-22,local,build;burning-man-2018;charlie;community-built;congregation;contraptionism;crew;fire-cauldron;hero;jackal-rooster;kk-photo;log-sacrifice;mythic-hybrid;red-hot-cock;rooster;teeter-totter
0199AA2B-81D9-4AAE-B382-A0A56D3D7A56__dngprev.jpg,Red-Hot-Cock-BM2018,,Charlie and gold-suited bearded friend pose grinning at shaded camp,Burning Man 2018,,2018,Kris Krüg,local: Charlie Smith BLackcat folder (KK 2018),no,high,people: Charlie; scene: portrait; cam: Canon EOS 5D Mark IV,kk-owned,2560,1707,2018-08-31,local,burning-man-2018;camp;charlie;kk-photo;portrait
083BA554-380B-46E8-A338-692AC90F9C19__dngprev.jpg,Red-Hot-Cock-BM2018,red-hot-cock,Crew group portrait at night beneath jackal-rooster sculpture with string lights,Okeechobee Music Festival 2016/2018,,2018,Kris Krüg,local: Charlie Smith BLackcat folder (KK 2018),yes,medium,people: crowd; scene: crew; cam: Canon EOS 5D Mark IV,kk-owned,2560,1707,2018-03-02,local,community-built;congregation;contraptionism;crew;fire-cauldron;hero;jackal-rooster;kk-photo;log-sacrifice;mythic-hybrid;okeechobee-2016;okeechobee-2018;portrait;red-hot-cock;rooster;teeter-totter
0ACAB38B-5E2E-4CD0-9164-F5989A671261__dngprev.jpg,Red-Hot-Cock-BM2018,red-hot-cock,Charlie embraces crewmate beside steel sculpture base on bright open playa,Burning Man 2018,,2018,Kris Krüg,local: Charlie Smith BLackcat folder (KK 2018),yes,high,people: Charlie; scene: build; cam: Canon EOS 5D Mark IV,kk-owned,2560,1707,2018-08-22,local,build;burning-man-2018;charlie;community-built;congregation;contraptionism;crew;fire-cauldron;hero;jackal-rooster;kk-photo;log-sacrifice;mythic-hybrid;red-hot-cock;rooster;teeter-totter
126DCE22-4D4A-46DD-A067-444BEC08E01B__dngprev.jpg,Red-Hot-Cock-BM2018,,dark/near-black frame,,,,Kris Krüg,local: Charlie Smith BLackcat folder (KK 2018),no,low,scene: other,kk-owned,1852,1852,,local,kk-photo;other
1B1648BE-FA9D-4E92-B9EC-97141F2C48B5__dngprev.jpg,Red-Hot-Cock-BM2018,,Two bearded crew in trucker cap and bandana pose under shade tent,Burning Man 2018,,2018,Kris Krüg,local: Charlie Smith BLackcat folder (KK 2018),no,medium,people: 3 crew; scene: portrait; cam: Canon EOS 5D Mark IV,kk-owned,2560,1598,2018-08-23,local,burning-man-2018;crew;kk-photo;portrait
1BAA0E86-0BF6-48DB-9CD1-1A6F065D00AE__dngprev.jpg,Red-Hot-Cock-BM2018,red-hot-cock,"Charlie tends glowing fire-cooker firebox at night, festival lights streaking",Okeechobee Music Festival 2016/2018,,2018,Kris Krüg,local: Charlie Smith BLackcat folder (KK 2018),yes,medium,people: Charlie; scene: burn-night; cam: Canon EOS 5D Mark IV,kk-owned,2560,1707,2018-03-03,local,burn-night;charlie;community-built;congregation;contraptionism;fire-cauldron;hero;jackal-rooster;kk-photo;log-sacrifice;mythic-hybrid;okeechobee-2016;okeechobee-2018;red-hot-cock;rooster;teeter-totter
1BB0E362-E4C0-4C77-AC89-FEF13CF1E60E__dngprev.jpg,Red-Hot-Cock-BM2018,,dark/near-black frame,,,,Kris Krüg,local: Charlie Smith BLackcat folder (KK 2018),no,low,scene: other,kk-owned,2047,1169,,local,kk-photo;other
1D5D2B74-00B2-4184-A7CB-54A9C4ED2691__dngprev.jpg,Red-Hot-Cock-BM2018,,Charlie leans cheek-to-cheek with smiling woman in sunhat at camp,Burning Man 2018,,2018,Kris Krüg,local: Charlie Smith BLackcat folder (KK 2018),no,high,people: Charlie; scene: portrait; cam: Canon EOS 5D Mark IV,kk-owned,2560,1707,2018-08-25,local,burning-man-2018;camp;charlie;kk-photo;portrait
1F8591A5-F4FA-4A63-ACC3-CF2A0E0D3D3E__dngprev.jpg,Red-Hot-Cock-BM2018,red-hot-cock,Charlie working the fire-cooker amid streaking lights and night crowd,Okeechobee Music Festival 2016/2018,,2018,Kris Krüg,local: Charlie Smith BLackcat folder (KK 2018),yes,medium,people: Charlie; scene: burn-night; cam: Canon EOS 5D Mark IV,kk-owned,2560,2242,2018-03-03,local,burn-night;charlie;community-built;congregation;contraptionism;fire-cauldron;hero;jackal-rooster;kk-photo;log-sacrifice;mythic-hybrid;okeechobee-2016;okeechobee-2018;red-hot-cock;rooster;teeter-totter
20180824_103517.jpg,Red-Hot-Cock-BM2018,,Crew pose with orange United Rentals telehandler in dusty desert haze,Burning Man 2018,,2018,Kris Krüg,local: Charlie Smith BLackcat folder (KK 2018),no,high,people: 3 crew; scene: build; cam: SM-G965W,kk-owned,4032,3024,2018-08-24,local,build;burning-man-2018;crew;kk-photo
20180825_101436.jpg,Red-Hot-Cock-BM2018,,"Crew relax around camp table under printed-banner shade, shirtless man at right",Burning Man 2018,,2018,Kris Krüg,local: Charlie Smith BLackcat folder (KK 2018),no,high,people: 3 crew; scene: camp; cam: SM-G965W,kk-owned,4032,3024,2018-08-25,local,burning-man-2018;camp;crew;kk-photo
20180825_104403.jpg,Red-Hot-Cock-BM2018,,Crew gathered around bottle-strewn camp table laughing under tent,Burning Man 2018,,2018,Kris Krüg,local: Charlie Smith BLackcat folder (KK 2018),no,high,people: crowd; scene: camp; cam: SM-G965W,kk-owned,4032,3024,2018-08-25,local,burning-man-2018;camp;crew;kk-photo
20180830_144352.jpg,Red-Hot-Cock-BM2018,red-hot-cock,Goofy upside-down selfie of two crew under camp tent with cock banner,Burning Man 2018,,2018,Kris Krüg,local: Charlie Smith BLackcat folder (KK 2018),no,medium,people: Charlie; scene: camp; cam: SM-G965W,kk-owned,4032,1960,2018-08-30,local,burning-man-2018;camp;community-built;congregation;contraptionism;crew;fire-cauldron;jackal-rooster;kk-photo;log-sacrifice;mythic-hybrid;red-hot-cock;rooster;teeter-totter
20180830_144356.jpg,Red-Hot-Cock-BM2018,red-hot-cock,Goofy upside-down selfie of two grinning crew beneath painted cock banner,Burning Man 2018,,2018,Kris Krüg,local: Charlie Smith BLackcat folder (KK 2018),no,medium,people: Charlie; scene: camp; cam: SM-G965W,kk-owned,4032,1960,2018-08-30,local,burning-man-2018;camp;community-built;congregation;contraptionism;crew;fire-cauldron;jackal-rooster;kk-photo;log-sacrifice;mythic-hybrid;red-hot-cock;rooster;teeter-totter
20180903_133902.jpg,Red-Hot-Cock-BM2018,red-hot-cock,Charlie shirtless with belly tattoo holds court at truck tailgate camp,Burning Man 2018,,2018,Kris Krüg,local: Charlie Smith BLackcat folder (KK 2018),yes,high,people: Charlie; scene: camp; cam: SM-G965W,kk-owned,4032,1960,2018-09-03,local,burning-man-2018;camp;charlie;community-built;congregation;contraptionism;fire-cauldron;hero;jackal-rooster;kk-photo;log-sacrifice;mythic-hybrid;red-hot-cock;rooster;teeter-totter
25650EF8-1674-4444-8B7B-EBA12E206032__dngprev.jpg,Red-Hot-Cock-BM2018,red-hot-cock,"Charlie eats popsicle before rooster sculpture, 'Creativity Addiction Redemption' title card",Burning Man 2018,,,Kris Krüg,local: Charlie Smith BLackcat folder (KK 2018),yes,high,people: Charlie; scene: signage,kk-owned,2560,1707,,local,burning-man-2018;charlie;community-built;congregation;contraptionism;fire-cauldron;hero;jackal-rooster;kk-photo;log-sacrifice;mythic-hybrid;red-hot-cock;rooster;signage;teeter-totter
27E4E656-311E-43B6-855C-63A7D7938E30__dngprev.jpg,Red-Hot-Cock-BM2018,red-hot-cock,Whole crew cheers arms-up before steel sculpture on hazy playa,Burning Man 2018,,2018,Kris Krüg,local: Charlie Smith BLackcat folder (KK 2018),yes,high,people: crowd; scene: crew; cam: Canon EOS 5D Mark IV,kk-owned,2560,1253,2018-08-22,local,burning-man-2018;community-built;congregation;contraptionism;crew;fire-cauldron;hero;jackal-rooster;kk-photo;log-sacrifice;mythic-hybrid;red-hot-cock;rooster;teeter-totter
2DF8D08F-2E87-4F15-B6D3-8122CD71B0CC__dngprev.jpg,Red-Hot-Cock-BM2018,,"Charlie hugs grey-haired woman beside RV, both beaming",Burning Man 2018,,2018,Kris Krüg,local: Charlie Smith BLackcat folder (KK 2018),no,high,people: Charlie; scene: portrait; cam: Canon EOS 5D Mark IV,kk-owned,2560,1707,2018-08-21,local,burning-man-2018;charlie;kk-photo;portrait
35ED9FAD-E0FC-492C-9AC1-EE49624FD732__dngprev.jpg,Red-Hot-Cock-BM2018,,Crew crowd around bottle-laden camp table laughing under shade tent,Burning Man 2018,,2018,Kris Krüg,local: Charlie Smith BLackcat folder (KK 2018),no,high,people: crowd; scene: camp; cam: SM-G965W,kk-owned,2560,1920,2018-08-25,local,burning-man-2018;camp;crew;kk-photo
3CBA0692-68F8-4541-99B0-5E12F291F9BC__dngprev.jpg,Red-Hot-Cock-BM2018,,Big dusty crew group portrait piled around open car hatch on playa,Burning Man 2018,,2018,Kris Krüg,local: Charlie Smith BLackcat folder (KK 2018),yes,high,people: crowd; scene: crew; cam: Canon EOS 5D Mark IV,kk-owned,2560,1428,2018-08-22,local,burning-man-2018;crew;hero;kk-photo;portrait
3F40B58E-7F6E-43C2-A260-5C6B3451F69F__dngprev.jpg,Red-Hot-Cock-BM2018,red-hot-cock,Charlie and vested crewmate pose atop the sculpture's curved steel form,Burning Man 2018,,2018,Kris Krüg,local: Charlie Smith BLackcat folder (KK 2018),yes,high,people: Charlie; scene: build; cam: Canon EOS 5D Mark IV,kk-owned,2560,1707,2018-08-23,local,build;burning-man-2018;charlie;community-built;congregation;contraptionism;crew;fire-cauldron;hero;jackal-rooster;kk-photo;log-sacrifice;mythic-hybrid;red-hot-cock;rooster;teeter-totter
500FEBC8-EC60-4B46-99B6-7807CBB49DD9__dngprev.jpg,Red-Hot-Cock-BM2018,,Charlie poses arm-in-arm with strawhat ranger-vest friend on bright playa,Burning Man 2018,,2018,Kris Krüg,local: Charlie Smith BLackcat folder (KK 2018),no,high,people: Charlie; scene: portrait; cam: Canon EOS 5D Mark IV,kk-owned,2560,1707,2018-08-21,local,burning-man-2018;charlie;kk-photo;portrait
51B59FF8-DD0B-44E2-B55E-90BDE9597F28__dngprev.jpg,Red-Hot-Cock-BM2018,red-hot-cock,"Banner graphic 'Charlie Blackcat Smith, Johnny Appleseed of Burning Man'",Burning Man 2018,,,Kris Krüg,local: Charlie Smith BLackcat folder (KK 2018),no,high,people: Charlie; scene: signage,kk-owned,2560,888,,local,burning-man-2018;charlie;community-built;congregation;contraptionism;fire-cauldron;jackal-rooster;kk-photo;log-sacrifice;mythic-hybrid;red-hot-cock;rooster;signage;teeter-totter
55AF3750-5059-41AD-B695-9A96F8399F62__dngprev.jpg,Red-Hot-Cock-BM2018,,Charlie playfully licks crewmate's face in three-man tailgate portrait,Burning Man 2018,,2018,Kris Krüg,local: Charlie Smith BLackcat folder (KK 2018),yes,high,people: Charlie; scene: portrait; cam: Canon EOS 5D Mark IV,kk-owned,2560,1707,2018-08-22,local,burning-man-2018;charlie;crew;hero;kk-photo;portrait
56FBA27E-34C2-4A76-AF20-0042D735C02B__dngprev.jpg,Red-Hot-Cock-BM2018,red-hot-cock,Couple poses by black-flagged Jeep beside jackal-head sculpture on playa,Burning Man 2018,,2018,Kris Krüg,local: Charlie Smith BLackcat folder (KK 2018),yes,high,people: crowd; scene: landscape; cam: Canon EOS 5D Mark IV,kk-owned,2560,1707,2018-08-25,local,burning-man-2018;community-built;congregation;contraptionism;fire-cauldron;hero;jackal-rooster;kk-photo;landscape;log-sacrifice;mythic-hybrid;red-hot-cock;rooster;teeter-totter
5F3A2A27-FD79-4D40-B8E6-5B3D3D52B847__dngprev.jpg,Red-Hot-Cock-BM2018,red-hot-cock,Couple poses by black-flagged Jeep beside jackal-head sculpture on playa,Burning Man 2018,,2018,Kris Krüg,local: Charlie Smith BLackcat folder (KK 2018),yes,high,people: crowd; scene: landscape; cam: Canon EOS 5D Mark IV,kk-owned,2560,1707,2018-08-25,local,burning-man-2018;community-built;congregation;contraptionism;fire-cauldron;hero;jackal-rooster;kk-photo;landscape;log-sacrifice;mythic-hybrid;red-hot-cock;rooster;teeter-totter
63E61676-2B5E-4A34-98EC-2A632D427D83__dngprev.jpg,Red-Hot-Cock-BM2018,,Two bearded crew in trucker cap and bandana pose under shade tent,Burning Man 2018,,,Kris Krüg,local: Charlie Smith BLackcat folder (KK 2018),no,medium,people: 3 crew; scene: portrait,kk-owned,2560,1598,,local,burning-man-2018;crew;kk-photo;portrait
65A6AD8A-8EC6-4614-9E4B-5E3E5FD56E66__dngprev.jpg,Red-Hot-Cock-BM2018,red-hot-cock,"Charlie eats popsicle before rooster sculpture, 'Creativity Addiction Redemption' Krug card",Burning Man 2018,,,Kris Krüg,local: Charlie Smith BLackcat folder (KK 2018),yes,high,people: Charlie; scene: signage,kk-owned,2560,1707,,local,burning-man-2018;charlie;community-built;congregation;contraptionism;fire-cauldron;hero;jackal-rooster;kk-photo;log-sacrifice;mythic-hybrid;red-hot-cock;rooster;signage;teeter-totter
6B062FBB-4C9A-46E7-9133-A3C453BACA65__dngprev.jpg,Red-Hot-Cock-BM2018,,Charlie leads seated crew meeting circle under shade structure,Burning Man 2018,,2018,Kris Krüg,local: Charlie Smith BLackcat folder (KK 2018),no,high,people: Charlie; scene: crew; cam: Canon EOS 5D Mark IV,kk-owned,2560,1707,2018-08-23,local,burning-man-2018;charlie;crew;kk-photo
6C98652F-8E10-4B84-9912-A6EBFA265569__dngprev.jpg,Red-Hot-Cock-BM2018,red-hot-cock,"Dusty crew group portrait at truck tailgate, Charlie center flashing horns",Burning Man 2018,,,Kris Krüg,local: Charlie Smith BLackcat folder (KK 2018),yes,high,people: Charlie; scene: crew,kk-owned,960,720,,local,burning-man-2018;charlie;community-built;congregation;contraptionism;crew;fire-cauldron;hero;jackal-rooster;kk-photo;log-sacrifice;mythic-hybrid;portrait;red-hot-cock;rooster;teeter-totter
6F798316-B79D-4816-B224-9EB4393A37D2__dngprev.jpg,Red-Hot-Cock-BM2018,,Charlie poses with friend in Nietzsche tee amid streaking night lights,Okeechobee Music Festival 2016/2018,,2018,Kris Krüg,local: Charlie Smith BLackcat folder (KK 2018),no,medium,people: Charlie; scene: portrait; cam: Canon EOS 5D Mark IV,kk-owned,2560,1707,2018-03-02,local,charlie;kk-photo;okeechobee-2016;okeechobee-2018;portrait
70C46D76-8C50-47A7-83D4-D22DAA9C69C1__dngprev.jpg,Red-Hot-Cock-BM2018,,Charlie hugs woman before winged metal sculpture and dusty car,Burning Man 2018,,2018,Kris Krüg,local: Charlie Smith BLackcat folder (KK 2018),no,high,people: Charlie; scene: portrait; cam: Canon EOS 5D Mark IV,kk-owned,2560,1707,2018-08-25,local,burning-man-2018;charlie;kk-photo;portrait
7FBEAE9B-B8AF-4CEF-9FEC-3386ABFB1CEF__dngprev.jpg,Red-Hot-Cock-BM2018,,Three bearded crew arm-in-arm grin for portrait on open playa,Burning Man 2018,,2018,Kris Krüg,local: Charlie Smith BLackcat folder (KK 2018),yes,high,people: Charlie; scene: portrait; cam: Canon EOS 5D Mark IV,kk-owned,2560,1707,2018-08-23,local,burning-man-2018;crew;hero;kk-photo;portrait
88FB0A98-879F-44B5-894C-5F2C0EEE5862__dngprev.jpg,Red-Hot-Cock-BM2018,red-hot-cock,"Dusty crew group portrait at truck tailgate, Charlie center flashing horns",Burning Man 2018,,,Kris Krüg,local: Charlie Smith BLackcat folder (KK 2018),yes,high,people: Charlie; scene: crew,kk-owned,960,720,,local,burning-man-2018;charlie;community-built;congregation;contraptionism;crew;fire-cauldron;hero;jackal-rooster;kk-photo;log-sacrifice;mythic-hybrid;portrait;red-hot-cock;rooster;teeter-totter
8D0FA647-B834-438D-999D-648CDF411A46__dngprev.jpg,Red-Hot-Cock-BM2018,,Charlie poses with friend in Nietzsche tee amid streaking night lights,Okeechobee Music Festival 2016/2018,,,Kris Krüg,local: Charlie Smith BLackcat folder (KK 2018),no,medium,people: Charlie; scene: portrait,kk-owned,256,171,,local,charlie;kk-photo;okeechobee-2016;okeechobee-2018;portrait
9264CCEE-C89F-4980-A7A2-A39B342A9356__dngprev.jpg,Red-Hot-Cock-BM2018,,"Charlie eats red popsicle, green grass and festival tents behind",Okeechobee Music Festival 2016/2018,,2018,Kris Krüg,local: Charlie Smith BLackcat folder (KK 2018),yes,high,people: Charlie; scene: portrait; cam: Canon EOS 5D Mark IV,kk-owned,2560,1707,2018-03-02,local,charlie;hero;kk-photo;okeechobee-2016;okeechobee-2018;portrait
9E423F2F-5806-4C66-BB2C-07EF5C211798__dngprev.jpg,Red-Hot-Cock-BM2018,red-hot-cock,"Charlie eats popsicle before rooster sculpture, 'Creativity Addiction Redemption' title card",Burning Man 2018,,2018,Kris Krüg,local: Charlie Smith BLackcat folder (KK 2018),yes,high,people: Charlie; scene: signage; cam: Canon EOS 5D Mark IV,kk-owned,2560,1707,2018-03-01,local,burning-man-2018;charlie;community-built;congregation;contraptionism;fire-cauldron;hero;jackal-rooster;kk-photo;log-sacrifice;mythic-hybrid;red-hot-cock;rooster;signage;teeter-totter
9EEC42C9-BEE5-4E28-A8A5-D2FA24FDCB17__dngprev.jpg,Red-Hot-Cock-BM2018,red-hot-cock,"Charlie eats popsicle before rooster sculpture, 'Creativity Addiction Redemption' title card",Burning Man 2018,,,Kris Krüg,local: Charlie Smith BLackcat folder (KK 2018),yes,high,people: Charlie; scene: signage,kk-owned,2560,1707,,local,burning-man-2018;charlie;community-built;congregation;contraptionism;fire-cauldron;hero;jackal-rooster;kk-photo;log-sacrifice;mythic-hybrid;red-hot-cock;rooster;signage;teeter-totter
A3CB03D8-0062-47FF-A943-6E0A8B5D6E7D__dngprev.jpg,Red-Hot-Cock-BM2018,red-hot-cock,"Charlie licks popsicle at sunset, jackal-rooster sculpture behind; 'Creativity Addiction Redemption' interview title graphic",Burning Man 2018,,,Kris Krüg,local: Charlie Smith BLackcat folder (KK 2018),yes,high,people: Charlie Smith; scene: signage,kk-owned,2560,1707,,local,burning-man-2018;charlie;community-built;congregation;contraptionism;fire-cauldron;hero;jackal-rooster;kk-photo;log-sacrifice;mythic-hybrid;red-hot-cock;rooster;signage;teeter-totter
A3EEB790-6623-4DFD-88B3-C19512E25B55__dngprev.jpg,Red-Hot-Cock-BM2018,,"All-black frame, no visible image content (blank or corrupt preview)",,,2018,Kris Krüg,local: Charlie Smith BLackcat folder (KK 2018),no,low,scene: other; cam: Canon EOS 5D Mark IV,kk-owned,1024,683,2018-08-22,local,kk-photo;other
A6E4F749-B863-45B2-8D36-3D3AB752D1E9__dngprev.jpg,Red-Hot-Cock-BM2018,red-hot-cock,"Crew lounging under shade structure mid-build, Charlie seated center gesturing",Burning Man 2018,,2018,Kris Krüg,local: Charlie Smith BLackcat folder (KK 2018),no,medium,people: Charlie Smith plus ~6 crew; scene: crew; cam: Canon EOS 5D Mark IV,kk-owned,2560,1361,2018-08-23,local,build;burning-man-2018;charlie;community-built;congregation;contraptionism;crew;fire-cauldron;jackal-rooster;kk-photo;log-sacrifice;mythic-hybrid;red-hot-cock;rooster;teeter-totter
ABE80BF8-C7FC-42EA-A83F-3D7D8173B2A0__dngprev.jpg,Red-Hot-Cock-BM2018,,"Dusty trio poses on playa, bearded man in shark-tooth helmet and goggles",Burning Man 2018,,2018,Kris Krüg,local: Charlie Smith BLackcat folder (KK 2018),no,medium,people: 3 crew; scene: crew; cam: Canon EOS 5D Mark IV,kk-owned,2560,1707,2018-08-25,local,burning-man-2018;crew;kk-photo
B0D36B1A-C6EC-4CC6-9A3D-E42359AB22BD__dngprev.jpg,Red-Hot-Cock-BM2018,,"Two crew embrace and laugh on dusty playa, RVs behind in haze",Burning Man 2018,,2018,Kris Krüg,local: Charlie Smith BLackcat folder (KK 2018),yes,medium,people: 2 crew; scene: portrait; cam: Canon EOS 5D Mark IV,kk-owned,2560,1707,2018-08-21,local,burning-man-2018;crew;hero;kk-photo;portrait
B2532914-4297-432A-9ABA-97697878DE7E__dngprev.jpg,Red-Hot-Cock-BM2018,,"All-black frame, no visible image content (blank or corrupt preview)",,,,Kris Krüg,local: Charlie Smith BLackcat folder (KK 2018),no,low,scene: other,kk-owned,2220,1080,,local,kk-photo;other
B4D698C3-B4DA-48E4-9EA3-453BB3DBB6E3__dngprev.jpg,Red-Hot-Cock-BM2018,,"Charlie tends glowing forge/firebox at night, light streaks across frame",Okeechobee Music Festival 2018,,2018,Kris Krüg,local: Charlie Smith BLackcat folder (KK 2018),yes,medium,people: Charlie Smith; scene: burn-night; cam: Canon EOS 5D Mark IV,kk-owned,2560,1707,2018-03-03,local,burn-night;charlie;hero;kk-photo;okeechobee-2018
B8CF1ABC-9FE6-45BE-B16A-41A30B207205__dngprev.jpg,Red-Hot-Cock-BM2018,,Gold-turbaned crewmate kisses smiling Charlie's cheek at sunlit camp,Burning Man 2018,,2018,Kris Krüg,local: Charlie Smith BLackcat folder (KK 2018),no,medium,people: Charlie Smith plus 1 crew; scene: portrait; cam: Canon EOS 5D Mark IV,kk-owned,2560,1707,2018-08-31,local,burning-man-2018;camp;charlie;crew;kk-photo;portrait
BF341617-1AA5-4582-B327-755EE96238BE__dngprev.jpg,Red-Hot-Cock-BM2018,red-hot-cock,"Couple poses by black-flagged jeep, jackal-headed sculpture on trailer at left",Burning Man 2018,,2018,Kris Krüg,local: Charlie Smith BLackcat folder (KK 2018),no,medium,people: 2 crew; scene: ride; cam: Canon EOS 5D Mark IV,kk-owned,2560,1707,2018-08-25,local,burning-man-2018;community-built;congregation;contraptionism;crew;fire-cauldron;jackal-rooster;kk-photo;log-sacrifice;mythic-hybrid;red-hot-cock;ride;rooster;teeter-totter
CA221C47-9792-440B-8EF7-10BEDA1D152A__dngprev.jpg,Red-Hot-Cock-BM2018,,"Two crew clown around against dusty Cherokee, one kicking leg up",Burning Man 2018,,2018,Kris Krüg,local: Charlie Smith BLackcat folder (KK 2018),no,medium,people: 2 crew; scene: crew; cam: Canon EOS 5D Mark IV,kk-owned,2560,1707,2018-08-22,local,burning-man-2018;crew;kk-photo
CE7F53F0-3043-4F8F-B86B-B713EB65558C__dngprev.jpg,Red-Hot-Cock-BM2018,,"Heartfelt hug beside art car with metal bird on roof, vast white playa",Burning Man 2018,,2018,Kris Krüg,local: Charlie Smith BLackcat folder (KK 2018),yes,medium,people: 2 crew; scene: portrait; cam: Canon EOS 5D Mark IV,kk-owned,2560,1707,2018-08-25,local,burning-man-2018;crew;hero;kk-photo;portrait
D2B93796-5982-4E66-8074-912172A2889E__dngprev.jpg,Red-Hot-Cock-BM2018,,Couple poses at dusk before tall metal sculpture and bike cart,Okeechobee Music Festival 2018,,2018,Kris Krüg,local: Charlie Smith BLackcat folder (KK 2018),no,low,people: 2 crew; scene: portrait; cam: Canon EOS 5D Mark IV,kk-owned,2560,1707,2018-08-21,local,crew;kk-photo;okeechobee-2018;portrait
F6B4BAC4-7EA1-4DE5-9AE5-0CD5062E73A0__dngprev.jpg,Red-Hot-Cock-BM2018,,"Charlie grins in Elmyr's cap at grassy festival, ferris wheel behind",Okeechobee Music Festival 2018,,,Kris Krüg,local: Charlie Smith BLackcat folder (KK 2018),yes,medium,people: Charlie Smith; scene: portrait,kk-owned,2560,1706,,local,charlie;hero;kk-photo;okeechobee-2018;portrait
F7F1B34D-111C-4222-B3EE-2E5E913C297F__dngprev.jpg,Red-Hot-Cock-BM2018,red-hot-cock,"Charlie portrait with popsicle and sunset sculpture, KRUG-branded interview cover",Burning Man 2018,,,Kris Krüg,local: Charlie Smith BLackcat folder (KK 2018),yes,high,people: Charlie Smith; scene: signage,kk-owned,2560,1707,,local,burning-man-2018;charlie;community-built;congregation;contraptionism;fire-cauldron;hero;jackal-rooster;kk-photo;log-sacrifice;mythic-hybrid;portrait;red-hot-cock;rooster;signage;teeter-totter
FB_IMG_1536239829141.jpg,Red-Hot-Cock-BM2018,,Charlie and bearded gold-shirted crewmate grin together beside cooler at dusk,Burning Man 2018,,,Kris Krüg,local: Charlie Smith BLackcat folder (KK 2018),no,low,people: Charlie Smith plus 1 crew; scene: portrait,kk-owned,720,960,,local,burning-man-2018;charlie;crew;kk-photo;portrait
FB_IMG_1536857064269.jpg,Red-Hot-Cock-BM2018,,Shirtless crewmate hugs Charlie who waves black-dot flag in dust storm by Penske truck,Burning Man 2018,,,Kris Krüg,local: Charlie Smith BLackcat folder (KK 2018),yes,medium,people: Charlie Smith plus 1 crew; scene: crew,kk-owned,1080,720,,local,black-dot-flag;burning-man-2018;charlie;crew;hero;kk-photo;symbol-system;the-period
FCE543AC-AD66-4CFB-BD41-19DC7D90FD5C__dngprev.jpg,Red-Hot-Cock-BM2018,,"Profile portrait of Charlie in bandana and shades at grassy festival, pink tent behind",Okeechobee Music Festival 2018,,2018,Kris Krüg,local: Charlie Smith BLackcat folder (KK 2018),no,medium,people: Charlie Smith; scene: portrait; cam: Canon EOS 5D Mark IV,kk-owned,2560,1556,2018-03-01,local,charlie;kk-photo;okeechobee-2018;portrait
KK__0U6A3028_THUR_OMF18.jpg,Red-Hot-Cock-BM2018,,"Charlie in profile, bandana and trucker cap, tattooed chest, festival field behind",Okeechobee Music Festival 2018,,2018,Kris Krüg,local: Charlie Smith BLackcat folder (KK 2018),no,medium,people: Charlie Smith; scene: portrait; cam: Canon EOS 5D Mark IV,kk-owned,5555,3376,2018-03-01,local,charlie;kk-photo;okeechobee-2018;portrait
KK__0U6A3036_THUR_OMF18.jpg,Red-Hot-Cock-BM2018,,"Charlie bites a red popsicle, tattooed and shirtless under vest at festival",Okeechobee Music Festival 2018,,2018,Kris Krüg,local: Charlie Smith BLackcat folder (KK 2018),yes,medium,people: Charlie Smith; scene: portrait; cam: Canon EOS 5D Mark IV,kk-owned,5555,3703,2018-03-01,local,charlie;hero;kk-photo;okeechobee-2018;portrait
KK__0U6A3060_THUR_OMF18.jpg,Red-Hot-Cock-BM2018,,"Charlie seated in mirrored shades and pin-covered cap, arms crossed, tattoos showing",Okeechobee Music Festival 2018,,2018,Kris Krüg,local: Charlie Smith BLackcat folder (KK 2018),no,medium,people: Charlie Smith; scene: portrait; cam: Canon EOS 5D Mark IV,kk-owned,3703,5555,2018-03-01,local,charlie;kk-photo;okeechobee-2018;portrait
KK__0U6A4506_SUN_OMF18-COLLAGE.jpg,Red-Hot-Cock-BM2018,,"Night collage of festival crowd and crew portraits, Charlie among them",Okeechobee Music Festival 2018,,2018,Kris Krüg,local: Charlie Smith BLackcat folder (KK 2018),no,medium,people: Charlie Smith plus crew; scene: other; cam: Canon EOS 5D Mark IV,kk-owned,2046,2046,2018-03-02,local,charlie;crew;kk-photo;okeechobee-2018;other;portrait
KK__0U6A4633_SUN_OMF18.jpg,Red-Hot-Cock-BM2018,,Charlie and Tesla-tee friend mug for camera amid neon light trails at night,Okeechobee Music Festival 2018,,2018,Kris Krüg,local: Charlie Smith BLackcat folder (KK 2018),no,medium,people: Charlie Smith plus 1 crew; scene: portrait; cam: Canon EOS 5D Mark IV,kk-owned,5555,3704,2018-03-02,local,charlie;crew;kk-photo;okeechobee-2018;portrait
KK__0U6A4634_SUN_OMF18.jpg,Red-Hot-Cock-BM2018,,Charlie and Tesla-tee friend smile arm-in-arm by metal sculpture under light streaks,Okeechobee Music Festival 2018,,2018,Kris Krüg,local: Charlie Smith BLackcat folder (KK 2018),no,medium,people: Charlie Smith plus 1 crew; scene: portrait; cam: Canon EOS 5D Mark IV,kk-owned,5555,3704,2018-03-02,local,charlie;crew;kk-photo;okeechobee-2018;portrait
KK__0U6A4635_SUN_OMF18.jpg,Red-Hot-Cock-BM2018,,Charlie and friend pull wild faces for the camera amid night light trails,Okeechobee Music Festival 2018,,2018,Kris Krüg,local: Charlie Smith BLackcat folder (KK 2018),no,medium,people: Charlie Smith plus 1 crew; scene: portrait; cam: Canon EOS 5D Mark IV,kk-owned,5555,3262,2018-03-02,local,charlie;crew;kk-photo;okeechobee-2018;portrait
KK__0U6A4901_SUN_OMF18.jpg,Red-Hot-Cock-BM2018,,Charlie serves cooked food from firebox to outstretched hands at night,Okeechobee Music Festival 2018,,2018,Kris Krüg,local: Charlie Smith BLackcat folder (KK 2018),no,medium,people: Charlie Smith; scene: burn-night; cam: Canon EOS 5D Mark IV,kk-owned,5555,4865,2018-03-03,local,burn-night;charlie;kk-photo;okeechobee-2018
asscamp-dayone0U6A6993.jpg,Red-Hot-Cock-BM2018,red-hot-cock,"Crew laying out steel beams and plywood base on bright empty playa, day one of build",Burning Man 2018,,2018,Kris Krüg,local: Charlie Smith BLackcat folder (KK 2018),no,high,people: 5 crew; scene: build; cam: Canon EOS 5D Mark IV,kk-owned,5555,3703,2018-08-22,local,build;burning-man-2018;community-built;congregation;contraptionism;crew;fire-cauldron;jackal-rooster;kk-photo;log-sacrifice;mythic-hybrid;red-hot-cock;rooster;teeter-totter
asscamp-dayone0U6A6998.jpg,Red-Hot-Cock-BM2018,red-hot-cock,Dusty build crew piles up grinning behind open hatchback on the playa,Burning Man 2018,,2018,Kris Krüg,local: Charlie Smith BLackcat folder (KK 2018),no,high,people: ~12 crew; scene: crew; cam: Canon EOS 5D Mark IV,kk-owned,5555,3976,2018-08-22,local,build;burning-man-2018;community-built;congregation;contraptionism;crew;fire-cauldron;jackal-rooster;kk-photo;log-sacrifice;mythic-hybrid;red-hot-cock;rooster;teeter-totter
asscamp-dayone0U6A7001.jpg,Red-Hot-Cock-BM2018,red-hot-cock,"Build crew group photo crammed around hatchback, one sprawled in front",Burning Man 2018,,2018,Kris Krüg,local: Charlie Smith BLackcat folder (KK 2018),no,high,people: ~13 crew; scene: crew; cam: Canon EOS 5D Mark IV,kk-owned,5555,3098,2018-08-22,local,build;burning-man-2018;community-built;congregation;contraptionism;crew;fire-cauldron;jackal-rooster;kk-photo;log-sacrifice;mythic-hybrid;red-hot-cock;rooster;teeter-totter
asscamp-dayone0U6A7005.jpg,Red-Hot-Cock-BM2018,red-hot-cock,Whole ASS Camp crew packed around hatchback for a dusty team portrait,Burning Man 2018,,2018,Kris Krüg,local: Charlie Smith BLackcat folder (KK 2018),yes,high,people: ~14 crew; scene: crew; cam: Canon EOS 5D Mark IV,kk-owned,5555,3703,2018-08-22,local,burning-man-2018;camp;community-built;congregation;contraptionism;crew;fire-cauldron;hero;jackal-rooster;kk-photo;log-sacrifice;mythic-hybrid;portrait;red-hot-cock;rooster;teeter-totter
asscamp-dayone0U6A7017.jpg,Red-Hot-Cock-BM2018,red-hot-cock,Crew unloads ornate metal sculpture panel from Penske truck onto playa,Burning Man 2018,,2018,Kris Krüg,local: Charlie Smith BLackcat folder (KK 2018),yes,high,people: ~6 crew; scene: build; cam: Canon EOS 5D Mark IV,kk-owned,5555,3703,2018-08-22,local,build;burning-man-2018;community-built;congregation;contraptionism;crew;fire-cauldron;hero;jackal-rooster;kk-photo;log-sacrifice;mythic-hybrid;red-hot-cock;rooster;teeter-totter
asscamp-dayone0U6A7019.jpg,Red-Hot-Cock-BM2018,red-hot-cock,Crew lifts large curved engraved metal tail-piece down from Penske truck,Burning Man 2018,,2018,Kris Krüg,local: Charlie Smith BLackcat folder (KK 2018),yes,high,people: 5 crew; scene: build; cam: Canon EOS 5D Mark IV,kk-owned,5555,3703,2018-08-22,local,build;burning-man-2018;community-built;congregation;contraptionism;crew;fire-cauldron;hero;jackal-rooster;kk-photo;log-sacrifice;mythic-hybrid;red-hot-cock;rooster;teeter-totter
asscamp-dayone0U6A7029.jpg,Red-Hot-Cock-BM2018,red-hot-cock,Crew passes black steel panels out of Penske truck during unload,Burning Man 2018,,2018,Kris Krüg,local: Charlie Smith BLackcat folder (KK 2018),no,high,people: ~6 crew; scene: build; cam: Canon EOS 5D Mark IV,kk-owned,5555,3703,2018-08-22,local,build;burning-man-2018;community-built;congregation;contraptionism;crew;fire-cauldron;jackal-rooster;kk-photo;log-sacrifice;mythic-hybrid;red-hot-cock;rooster;teeter-totter
asscamp-dayone0U6A7031.jpg,Red-Hot-Cock-BM2018,red-hot-cock,Grey-haired crewman and bandana'd crew carry long steel panel across playa,Burning Man 2018,,2018,Kris Krüg,local: Charlie Smith BLackcat folder (KK 2018),no,high,people: 4 crew; scene: build; cam: Canon EOS 5D Mark IV,kk-owned,5555,3480,2018-08-22,local,build;burning-man-2018;community-built;congregation;contraptionism;crew;fire-cauldron;jackal-rooster;kk-photo;log-sacrifice;mythic-hybrid;red-hot-cock;rooster;teeter-totter
asscamp-dayone0U6A7032.jpg,Red-Hot-Cock-BM2018,red-hot-cock,Dusty crew member in gloves bolts steel teeter base together on the playa,Burning Man 2018,,2018,Kris Krüg,local: Charlie Smith BLackcat folder (KK 2018),no,medium,people: 2 crew; scene: build; cam: Canon EOS 5D Mark IV,kk-owned,3703,5555,2018-08-22,local,build;burning-man-2018;community-built;congregation;contraptionism;crew;fire-cauldron;jackal-rooster;kk-photo;log-sacrifice;mythic-hybrid;red-hot-cock;rooster;teeter-totter
asscamp-dayone0U6A7037.jpg,Red-Hot-Cock-BM2018,red-hot-cock,Crew hug and rest on a moving-truck tailgate amid scattered tools and sawhorses,Burning Man 2018,,2018,Kris Krüg,local: Charlie Smith BLackcat folder (KK 2018),no,medium,people: 3 crew; scene: crew; cam: Canon EOS 5D Mark IV,kk-owned,5555,3703,2018-08-22,local,burning-man-2018;community-built;congregation;contraptionism;crew;fire-cauldron;jackal-rooster;kk-photo;log-sacrifice;mythic-hybrid;red-hot-cock;rooster;teeter-totter
asscamp-dayone0U6A7050.jpg,Red-Hot-Cock-BM2018,red-hot-cock,Three grinning crewmates pile together for a goofy portrait inside a truck,Burning Man 2018,,2018,Kris Krüg,local: Charlie Smith BLackcat folder (KK 2018),no,medium,people: 3 crew; scene: portrait; cam: Canon EOS 5D Mark IV,kk-owned,5555,3342,2018-08-22,local,burning-man-2018;community-built;congregation;contraptionism;crew;fire-cauldron;jackal-rooster;kk-photo;log-sacrifice;mythic-hybrid;portrait;red-hot-cock;rooster;teeter-totter
asscamp-dayone0U6A7052.jpg,Red-Hot-Cock-BM2018,red-hot-cock,One man licks another's cheek in a silly close-up crew portrait,Burning Man 2018,,2018,Kris Krüg,local: Charlie Smith BLackcat folder (KK 2018),no,medium,people: 3 crew; scene: portrait; cam: Canon EOS 5D Mark IV,kk-owned,5555,3703,2018-08-22,local,burning-man-2018;community-built;congregation;contraptionism;crew;fire-cauldron;jackal-rooster;kk-photo;log-sacrifice;mythic-hybrid;portrait;red-hot-cock;rooster;teeter-totter
asscamp-dayone0U6A7053.jpg,Red-Hot-Cock-BM2018,fleeble-flobbler,Builders assemble the long steel teeter beam marked 'Fleeble Floobler' on the playa,Burning Man 2018,,2018,Kris Krüg,local: Charlie Smith BLackcat folder (KK 2018),no,medium,people: 3 crew; scene: build; cam: Canon EOS 5D Mark IV,kk-owned,5555,3703,2018-08-22,local,build;burning-man-2018;clown;crew;fire-cauldron;fleeble-flobbler;inner-child;kk-photo;mythic-hybrid;ride;teeter-totter
asscamp-dayone0U6A7057.jpg,Red-Hot-Cock-BM2018,red-hot-cock,Two crewmates embrace beside the star-marked steel base under wide desert sky,Burning Man 2018,,2018,Kris Krüg,local: Charlie Smith BLackcat folder (KK 2018),yes,medium,people: 2 crew; scene: build; cam: Canon EOS 5D Mark IV,kk-owned,5555,3703,2018-08-22,local,build;burning-man-2018;community-built;congregation;contraptionism;crew;fire-cauldron;hero;jackal-rooster;kk-photo;log-sacrifice;mythic-hybrid;red-hot-cock;rooster;teeter-totter
asscamp-dayone0U6A7058.jpg,Red-Hot-Cock-BM2018,red-hot-cock,Laughing crewmate in Beronio Lumber tee jokes while others work the steel frame,Burning Man 2018,,2018,Kris Krüg,local: Charlie Smith BLackcat folder (KK 2018),no,medium,people: 3 crew; scene: crew; cam: Canon EOS 5D Mark IV,kk-owned,5555,3703,2018-08-22,local,burning-man-2018;community-built;congregation;contraptionism;crew;fire-cauldron;jackal-rooster;kk-photo;log-sacrifice;mythic-hybrid;red-hot-cock;rooster;teeter-totter
asscamp-dayone0U6A7078.jpg,Red-Hot-Cock-BM2018,,Two crewmates clown for the camera leaning against a dusty black Jeep Cherokee,Burning Man 2018,,2018,Kris Krüg,local: Charlie Smith BLackcat folder (KK 2018),no,medium,people: 2 crew; scene: portrait; cam: Canon EOS 5D Mark IV,kk-owned,5555,3703,2018-08-22,local,burning-man-2018;crew;kk-photo;portrait
asscamp-dayone0U6A7080.jpg,Red-Hot-Cock-BM2018,,Tight portrait of two crewmates laughing and mugging against a vehicle,Burning Man 2018,,2018,Kris Krüg,local: Charlie Smith BLackcat folder (KK 2018),no,medium,people: 2 crew; scene: portrait; cam: Canon EOS 5D Mark IV,kk-owned,5555,3703,2018-08-22,local,burning-man-2018;crew;kk-photo;portrait
asscamp-dayone0U6A7105.jpg,Red-Hot-Cock-BM2018,red-hot-cock,Two crewmates talk seated on a truck tailgate in the open dusty playa,Burning Man 2018,,2018,Kris Krüg,local: Charlie Smith BLackcat folder (KK 2018),no,medium,people: 2 crew; scene: crew; cam: Canon EOS 5D Mark IV,kk-owned,5555,3703,2018-08-22,local,burning-man-2018;community-built;congregation;contraptionism;crew;fire-cauldron;jackal-rooster;kk-photo;log-sacrifice;mythic-hybrid;red-hot-cock;rooster;teeter-totter
asscamp-dayone0U6A7107.jpg,Red-Hot-Cock-BM2018,red-hot-cock,The jackal rooster's ornate cut-metal head rests on the playa beside its steel teeter base,Burning Man 2018,,2018,Kris Krüg,local: Charlie Smith BLackcat folder (KK 2018),yes,high,people: 2 crew; scene: build; cam: Canon EOS 5D Mark IV,kk-owned,5555,3388,2018-08-22,local,build;burning-man-2018;community-built;congregation;contraptionism;crew;fire-cauldron;hero;jackal-rooster;kk-photo;log-sacrifice;mythic-hybrid;red-hot-cock;rooster;teeter-totter
asscamp-dayone0U6A7111.jpg,Red-Hot-Cock-BM2018,red-hot-cock,Crew assembles the steel teeter frame as one watches and another carries lumber,Burning Man 2018,,2018,Kris Krüg,local: Charlie Smith BLackcat folder (KK 2018),no,medium,people: 3 crew; scene: build; cam: Canon EOS 5D Mark IV,kk-owned,5555,3703,2018-08-22,local,build;burning-man-2018;community-built;congregation;contraptionism;crew;fire-cauldron;jackal-rooster;kk-photo;log-sacrifice;mythic-hybrid;red-hot-cock;rooster;teeter-totter
asscamp-dayone0U6A7131.jpg,Red-Hot-Cock-BM2018,,"Two crewmates pose arm-in-arm before a yellow Penske truck, one in Angry Birds tee",Burning Man 2018,,2018,Kris Krüg,local: Charlie Smith BLackcat folder (KK 2018),no,medium,people: 2 crew; scene: portrait; cam: Canon EOS 5D Mark IV,kk-owned,5555,3703,2018-08-22,local,burning-man-2018;crew;kk-photo;portrait
asscamp-dayone0U6A7139.jpg,Red-Hot-Cock-BM2018,red-hot-cock,Whole build crew throws hands up cheering atop the finished steel base,Burning Man 2018,,2018,Kris Krüg,local: Charlie Smith BLackcat folder (KK 2018),yes,medium,people: crew (~15); scene: crew; cam: Canon EOS 5D Mark IV,kk-owned,5555,2719,2018-08-22,local,build;burning-man-2018;community-built;congregation;contraptionism;crew;fire-cauldron;hero;jackal-rooster;kk-photo;log-sacrifice;mythic-hybrid;red-hot-cock;rooster;teeter-totter
asscamp-dayone0U6A7141.jpg,Red-Hot-Cock-BM2018,red-hot-cock,Build crew celebrates with raised fists and peace signs on the playa,Burning Man 2018,,2018,Kris Krüg,local: Charlie Smith BLackcat folder (KK 2018),no,medium,people: crew (~15); scene: crew; cam: Canon EOS 5D Mark IV,kk-owned,5555,3703,2018-08-22,local,build;burning-man-2018;community-built;congregation;contraptionism;crew;fire-cauldron;jackal-rooster;kk-photo;log-sacrifice;mythic-hybrid;red-hot-cock;rooster;teeter-totter
asscamp-dayone0U6A7143.jpg,Red-Hot-Cock-BM2018,red-hot-cock,Crew gathers under a shade tent for a build meeting beside the truck and tents,Burning Man 2018,,2018,Kris Krüg,local: Charlie Smith BLackcat folder (KK 2018),no,medium,people: crew; scene: crew; cam: Canon EOS 5D Mark IV,kk-owned,5555,3703,2018-08-23,local,build;burning-man-2018;community-built;congregation;contraptionism;crew;fire-cauldron;jackal-rooster;kk-photo;log-sacrifice;mythic-hybrid;red-hot-cock;rooster;teeter-totter
asscamp-dayone0U6A7145.jpg,Red-Hot-Cock-BM2018,red-hot-cock,Crewmate gestures while briefing the seated team under a shade structure,Burning Man 2018,,2018,Kris Krüg,local: Charlie Smith BLackcat folder (KK 2018),no,medium,people: crew; scene: crew; cam: Canon EOS 5D Mark IV,kk-owned,5555,3703,2018-08-23,local,burning-man-2018;community-built;congregation;contraptionism;crew;fire-cauldron;jackal-rooster;kk-photo;log-sacrifice;mythic-hybrid;red-hot-cock;rooster;teeter-totter
asscamp-dayone0U6A7147.jpg,Red-Hot-Cock-BM2018,red-hot-cock,Crew circle listens during a planning huddle in the shade tent,Burning Man 2018,,2018,Kris Krüg,local: Charlie Smith BLackcat folder (KK 2018),no,medium,people: crew; scene: crew; cam: Canon EOS 5D Mark IV,kk-owned,5555,3703,2018-08-23,local,burning-man-2018;community-built;congregation;contraptionism;crew;fire-cauldron;jackal-rooster;kk-photo;log-sacrifice;mythic-hybrid;red-hot-cock;rooster;teeter-totter
asscamp-dayone0U6A7148.jpg,Red-Hot-Cock-BM2018,red-hot-cock,Crew stand and sit talking under the shade tent during a work break,Burning Man 2018,,2018,Kris Krüg,local: Charlie Smith BLackcat folder (KK 2018),no,medium,people: crew; scene: crew; cam: Canon EOS 5D Mark IV,kk-owned,5555,2954,2018-08-23,local,burning-man-2018;community-built;congregation;contraptionism;crew;fire-cauldron;jackal-rooster;kk-photo;log-sacrifice;mythic-hybrid;red-hot-cock;rooster;teeter-totter
asscamp-dayone0U6A7151.jpg,Red-Hot-Cock-BM2018,,Bearded man in yellow cap and bandana-wearing crewmate pose under shade cloth,Burning Man 2018,,2018,Kris Krüg,local: Charlie Smith BLackcat folder (KK 2018),no,medium,people: 2 crew; scene: portrait; cam: Canon EOS 5D Mark IV,kk-owned,5555,3467,2018-08-23,local,burning-man-2018;crew;kk-photo;portrait
asscamp-dayone0U6A7153.jpg,Red-Hot-Cock-BM2018,,Two crewmates pose arm-in-arm inside the bright grey shade tent,Burning Man 2018,,2018,Kris Krüg,local: Charlie Smith BLackcat folder (KK 2018),no,medium,people: 2 crew; scene: portrait; cam: Canon EOS 5D Mark IV,kk-owned,5555,3703,2018-08-23,local,burning-man-2018;crew;kk-photo;portrait
asscamp-dayzero0U6A6766.jpg,Red-Hot-Cock-BM2018,,Crewmate carries a laundry basket across a tree-lined Reno parking lot pre-playa,,,2018,Kris Krüg,local: Charlie Smith BLackcat folder (KK 2018),no,low,people: 2 crew; scene: other; cam: Canon EOS 5D Mark IV,kk-owned,3703,5555,2018-08-21,local,crew;kk-photo;other
asscamp-dayzero0U6A6792.jpg,Red-Hot-Cock-BM2018,red-hot-cock,"Crew check in at a DMV art-support tent, paperwork and lanyards on the table",Burning Man 2018,,2018,Kris Krüg,local: Charlie Smith BLackcat folder (KK 2018),no,medium,people: 3 crew; scene: signage; cam: Canon EOS 5D Mark IV,kk-owned,5555,3703,2018-08-21,local,burning-man-2018;community-built;congregation;contraptionism;crew;fire-cauldron;jackal-rooster;kk-photo;log-sacrifice;mythic-hybrid;red-hot-cock;rooster;signage;teeter-totter
asscamp-dayzero0U6A6796.jpg,Red-Hot-Cock-BM2018,,Artists gather around concierge whiteboards inside the art-support DMV tent,Burning Man 2018,,2018,Kris Krüg,local: Charlie Smith BLackcat folder (KK 2018),no,medium,people: crew; scene: signage; cam: Canon EOS 5D Mark IV,kk-owned,5555,3703,2018-08-21,local,burning-man-2018;crew;kk-photo;signage
asscamp-dayzero0U6A6801.jpg,Red-Hot-Cock-BM2018,,Three crew chat between vehicles in hazy dust on a flat playa morning,Burning Man 2018,,2018,Kris Krüg,local: Charlie Smith BLackcat folder (KK 2018),no,medium,people: 3 crew; scene: crew; cam: Canon EOS 5D Mark IV,kk-owned,3703,5555,2018-08-21,local,burning-man-2018;crew;kk-photo
asscamp-dayzero0U6A6808.jpg,Red-Hot-Cock-BM2018,,Crewmate and a straw-hatted ranger in ASS Camp shirt pose together on the playa,Burning Man 2018,,2018,Kris Krüg,local: Charlie Smith BLackcat folder (KK 2018),no,medium,people: 2 crew; scene: portrait; cam: Canon EOS 5D Mark IV,kk-owned,5555,3703,2018-08-21,local,burning-man-2018;camp;crew;kk-photo;portrait
asscamp-dayzero0U6A6811.jpg,Red-Hot-Cock-BM2018,,Two crewmates lean together for a sunlit portrait in blowing playa dust,Burning Man 2018,,2018,Kris Krüg,local: Charlie Smith BLackcat folder (KK 2018),no,medium,people: 2 crew; scene: portrait; cam: Canon EOS 5D Mark IV,kk-owned,5555,3703,2018-08-21,local,burning-man-2018;crew;kk-photo;portrait
asscamp-dayzero0U6A6816.jpg,Red-Hot-Cock-BM2018,red-hot-cock,Shirtless and gloved crew rig a tripod gin pole as one points the way,Burning Man 2018,,2018,Kris Krüg,local: Charlie Smith BLackcat folder (KK 2018),no,medium,people: 3 crew; scene: build; cam: Canon EOS 5D Mark IV,kk-owned,5555,3703,2018-08-21,local,build;burning-man-2018;community-built;congregation;contraptionism;crew;fire-cauldron;jackal-rooster;kk-photo;log-sacrifice;mythic-hybrid;red-hot-cock;rooster;teeter-totter
asscamp-dayzero0U6A6818.jpg,Red-Hot-Cock-BM2018,red-hot-cock,Crew lays out steel gin-pole legs by the rental trucks at dusty camp,Burning Man 2018,,2018,Kris Krüg,local: Charlie Smith BLackcat folder (KK 2018),no,medium,people: 4 crew; scene: build; cam: Canon EOS 5D Mark IV,kk-owned,5555,3703,2018-08-21,local,build;burning-man-2018;camp;community-built;congregation;contraptionism;crew;fire-cauldron;jackal-rooster;kk-photo;log-sacrifice;mythic-hybrid;red-hot-cock;rooster;teeter-totter
asscamp-dayzero0U6A6822.jpg,Red-Hot-Cock-BM2018,,Crewmate holds the black-dot 'Open' flag beside a truck in a dust storm,Burning Man 2018,,2018,Kris Krüg,local: Charlie Smith BLackcat folder (KK 2018),no,medium,people: 1 crew; scene: portrait; cam: Canon EOS 5D Mark IV,kk-owned,3703,5555,2018-08-21,local,black-dot-flag;burning-man-2018;crew;kk-photo;portrait;symbol-system;the-period
asscamp-dayzero0U6A6828.jpg,Red-Hot-Cock-BM2018,,Crewmate strikes a wide stance waving the black-dot flag at the yellow Penske truck,Burning Man 2018,,2018,Kris Krüg,local: Charlie Smith BLackcat folder (KK 2018),no,medium,people: 1 crew; scene: portrait; cam: Canon EOS 5D Mark IV,kk-owned,5555,3703,2018-08-21,local,black-dot-flag;burning-man-2018;crew;kk-photo;portrait;symbol-system;the-period
asscamp-dayzero0U6A6831.jpg,Red-Hot-Cock-BM2018,,Two shirtless men hug under a waving black-dot flag in golden playa dust,Burning Man 2018,,2018,Kris Krüg,local: Charlie Smith BLackcat folder (KK 2018),yes,medium,people: 2 crew; scene: camp; cam: Canon EOS 5D Mark IV,kk-owned,5555,3703,2018-08-21,local,black-dot-flag;burning-man-2018;camp;crew;hero;kk-photo;symbol-system;the-period
asscamp-dayzero0U6A6853.jpg,Red-Hot-Cock-BM2018,,Long-bearded man in black hat and grinning crewmate pose arm-in-arm at camp,Burning Man 2018,,2018,Kris Krüg,local: Charlie Smith BLackcat folder (KK 2018),no,medium,people: 2 crew; scene: portrait; cam: Canon EOS 5D Mark IV,kk-owned,5555,3703,2018-08-21,local,burning-man-2018;camp;crew;kk-photo;portrait
asscamp-dayzero0U6A6855.jpg,Red-Hot-Cock-BM2018,,Backlit full-length portrait of two crewmates leaning together in playa haze,Burning Man 2018,,2018,Kris Krüg,local: Charlie Smith BLackcat folder (KK 2018),yes,medium,people: 2 crew; scene: portrait; cam: Canon EOS 5D Mark IV,kk-owned,3703,5555,2018-08-21,local,burning-man-2018;crew;hero;kk-photo;portrait
asscamp-dayzero0U6A6861.jpg,Red-Hot-Cock-BM2018,,Smiling silver-haired woman and crewmate share a warm hug beside an RV,Burning Man 2018,,2018,Kris Krüg,local: Charlie Smith BLackcat folder (KK 2018),no,medium,people: 2; scene: portrait; cam: Canon EOS 5D Mark IV,kk-owned,5555,3703,2018-08-21,local,burning-man-2018;crew;kk-photo;portrait
asscamp-dayzero0U6A6863.jpg,Red-Hot-Cock-BM2018,,Tender close portrait of a beaming older woman cheek-to-cheek with a crewmate,Burning Man 2018,,2018,Kris Krüg,local: Charlie Smith BLackcat folder (KK 2018),yes,medium,people: 2; scene: portrait; cam: Canon EOS 5D Mark IV,kk-owned,3703,5555,2018-08-21,local,burning-man-2018;crew;hero;kk-photo;portrait
asscamp-dayzero0U6A6889.jpg,Red-Hot-Cock-BM2018,red-hot-cock,Crew heaves the tall gin-pole upright by hand under the night sky,Burning Man 2018,,2018,Kris Krüg,local: Charlie Smith BLackcat folder (KK 2018),yes,medium,people: crew (~6); scene: build; cam: Canon EOS 5D Mark IV,kk-owned,5555,3703,2018-08-21,local,build;burning-man-2018;community-built;congregation;contraptionism;crew;fire-cauldron;hero;jackal-rooster;kk-photo;log-sacrifice;mythic-hybrid;red-hot-cock;rooster;teeter-totter
asscamp-dayzero0U6A6907.jpg,Red-Hot-Cock-BM2018,red-hot-cock,Crew drives an anchor stake by floodlight as a rigger tends the guy line at night,Burning Man 2018,,2018,Kris Krüg,local: Charlie Smith BLackcat folder (KK 2018),yes,medium,people: 3 crew; scene: build; cam: Canon EOS 5D Mark IV,kk-owned,5555,3703,2018-08-21,local,build;burning-man-2018;community-built;congregation;contraptionism;crew;fire-cauldron;hero;jackal-rooster;kk-photo;log-sacrifice;mythic-hybrid;red-hot-cock;rooster;teeter-totter
asscamp-dayzero0U6A6911.jpg,Red-Hot-Cock-BM2018,red-hot-cock,Crewmate coils rope while another swings a sledge at the chariot base by night,Burning Man 2018,,2018,Kris Krüg,local: Charlie Smith BLackcat folder (KK 2018),yes,medium,people: 2 crew; scene: build; cam: Canon EOS 5D Mark IV,kk-owned,5555,3703,2018-08-21,local,build;burning-man-2018;community-built;congregation;contraptionism;crew;fire-cauldron;hero;jackal-rooster;kk-photo;log-sacrifice;mythic-hybrid;red-hot-cock;rooster;teeter-totter
asscamp-dayzero0U6A6914.jpg,Red-Hot-Cock-BM2018,red-hot-cock,Headlamp-lit crewmate raises a sledge as another holds the guy line at night,Burning Man 2018,,2018,Kris Krüg,local: Charlie Smith BLackcat folder (KK 2018),yes,medium,people: 3 crew; scene: build; cam: Canon EOS 5D Mark IV,kk-owned,5555,3703,2018-08-21,local,build;burning-man-2018;community-built;congregation;contraptionism;crew;fire-cauldron;hero;jackal-rooster;kk-photo;log-sacrifice;mythic-hybrid;red-hot-cock;rooster;teeter-totter
asscamp-dayzero0U6A6929.jpg,Red-Hot-Cock-BM2018,red-hot-cock,Barefoot crew member hauls a steel beam across dusty ground at night,Burning Man 2018,,2018,Kris Krüg,local: Charlie Smith BLackcat folder (KK 2018),no,medium,people: 2 crew; scene: build; cam: Canon EOS 5D Mark IV,kk-owned,3703,5555,2018-08-21,local,build;burning-man-2018;community-built;congregation;contraptionism;crew;fire-cauldron;jackal-rooster;kk-photo;log-sacrifice;mythic-hybrid;red-hot-cock;rooster;teeter-totter
asscamp-dayzero0U6A6936.jpg,Red-Hot-Cock-BM2018,red-hot-cock,Couple embraces at dusk before the jackal-headed rooster sculpture on its teeter base,Burning Man 2018,,2018,Kris Krüg,local: Charlie Smith BLackcat folder (KK 2018),yes,high,people: 2 crew; scene: portrait; cam: Canon EOS 5D Mark IV,kk-owned,5555,3703,2018-08-21,local,burning-man-2018;community-built;congregation;contraptionism;crew;fire-cauldron;hero;jackal-rooster;kk-photo;log-sacrifice;mythic-hybrid;portrait;red-hot-cock;rooster;teeter-totter
asscamp-dayzero0U6A6938.jpg,Red-Hot-Cock-BM2018,red-hot-cock,"Man pulls a guy-line, arm around a woman, sculpture silhouetted in twilight",Burning Man 2018,,2018,Kris Krüg,local: Charlie Smith BLackcat folder (KK 2018),yes,high,people: 2 crew; scene: build; cam: Canon EOS 5D Mark IV,kk-owned,5555,3703,2018-08-21,local,build;burning-man-2018;community-built;congregation;contraptionism;crew;fire-cauldron;hero;jackal-rooster;kk-photo;log-sacrifice;mythic-hybrid;red-hot-cock;rooster;teeter-totter
asscamp-dayzero0U6A6944.jpg,Red-Hot-Cock-BM2018,,Warm-lit night portrait of a smiling woman in a goggle-topped hat,Burning Man 2018,,2018,Kris Krüg,local: Charlie Smith BLackcat folder (KK 2018),yes,medium,people: 1 crew; scene: portrait; cam: Canon EOS 5D Mark IV,kk-owned,5555,3703,2018-08-21,local,burning-man-2018;crew;hero;kk-photo;portrait
asscamp-dayzero0U6A6965.jpg,Red-Hot-Cock-BM2018,,Crew strains to stretch a large shade tarp taut at night,Burning Man 2018,,2018,Kris Krüg,local: Charlie Smith BLackcat folder (KK 2018),no,medium,people: 3 crew; scene: build; cam: Canon EOS 5D Mark IV,kk-owned,5555,3703,2018-08-21,local,build;burning-man-2018;crew;kk-photo
asscamp-dayzero0U6A6969.jpg,Red-Hot-Cock-BM2018,,"Crew raising a shade structure under work lights, traffic cone in foreground",Burning Man 2018,,2018,Kris Krüg,local: Charlie Smith BLackcat folder (KK 2018),no,medium,people: several crew; scene: build; cam: Canon EOS 5D Mark IV,kk-owned,5555,3703,2018-08-21,local,build;burning-man-2018;crew;kk-photo
asscamp-dayzero0U6A6978.jpg,Red-Hot-Cock-BM2018,red-hot-cock,"Bearded man hauls hard on a rope at night, straining over a wooden base",Burning Man 2018,,2018,Kris Krüg,local: Charlie Smith BLackcat folder (KK 2018),no,medium,people: 1 crew; scene: build; cam: Canon EOS 5D Mark IV,kk-owned,3703,5555,2018-08-21,local,build;burning-man-2018;community-built;congregation;contraptionism;crew;fire-cauldron;jackal-rooster;kk-photo;log-sacrifice;mythic-hybrid;red-hot-cock;rooster;teeter-totter
asscamp-glenns-10.jpg,Red-Hot-Cock-BM2018,,Bearded man in straw hat holds up a hand-drawn 'Dragon Fossil' burn-schedule sign under camp banners,Burning Man 2018,,2018,Kris Krüg,local: Charlie Smith BLackcat folder (KK 2018),no,medium,people: 4 crew; scene: camp; cam: Canon EOS 5D Mark IV,kk-owned,5555,3201,2018-08-26,local,burning-man-2018;camp;crew;kk-photo;sketch
asscamp-glenns-18.jpg,Red-Hot-Cock-BM2018,,"Charlie gestures with a bullhorn holding court under the camp shade, beer in hand",Burning Man 2018,,2018,Kris Krüg,local: Charlie Smith BLackcat folder (KK 2018),no,medium,"people: Charlie Smith, plus crew; scene: crew; cam: Canon EOS 5D Mark IV",kk-owned,5555,3703,2018-08-26,local,burning-man-2018;camp;charlie;crew;kk-photo
asscamp-glenns-29.jpg,Red-Hot-Cock-BM2018,,Tender close portrait of a red-haired woman resting against a bearded tattooed man,Burning Man 2018,,2018,Kris Krüg,local: Charlie Smith BLackcat folder (KK 2018),yes,medium,people: 2 crew; scene: portrait; cam: Canon EOS 5D Mark IV,kk-owned,5555,3703,2018-08-30,local,burning-man-2018;crew;hero;kk-photo;portrait
asscamp-glenns-3.jpg,Red-Hot-Cock-BM2018,,"Charlie in 'Hot Stuff's Friend' tee chats with campmates under the shade, bullhorn nearby",Burning Man 2018,,2018,Kris Krüg,local: Charlie Smith BLackcat folder (KK 2018),no,medium,"people: Charlie Smith, plus crew; scene: camp; cam: Canon EOS 5D Mark IV",kk-owned,5555,3703,2018-08-26,local,burning-man-2018;camp;charlie;crew;kk-photo
asscamp-glenns-48.jpg,Red-Hot-Cock-BM2018,,"Two grinning men pose arm-in-arm on a trailer deck, one in gold turban and tee",Burning Man 2018,,2018,Kris Krüg,local: Charlie Smith BLackcat folder (KK 2018),no,medium,people: 2 crew; scene: portrait; cam: Canon EOS 5D Mark IV,kk-owned,5555,3703,2018-08-31,local,burning-man-2018;crew;kk-photo;portrait
asscamp-glenns-49.jpg,Red-Hot-Cock-BM2018,,Gold-clad man plants a kiss on a laughing campmate's cheek on the trailer deck,Burning Man 2018,,2018,Kris Krüg,local: Charlie Smith BLackcat folder (KK 2018),no,medium,people: 2 crew; scene: portrait; cam: Canon EOS 5D Mark IV,kk-owned,5555,3703,2018-08-31,local,burning-man-2018;camp;crew;kk-photo;portrait
asscamp-glenns-7-COLLAGE.jpg,Red-Hot-Cock-BM2018,red-hot-cock,"Multi-frame collage of camp portraits, gear, and the rooster firing at night",Burning Man 2018,,,Kris Krüg,local: Charlie Smith BLackcat folder (KK 2018),no,medium,people: crew; scene: other,kk-owned,2160,3240,,local,burning-man-2018;camp;community-built;congregation;contraptionism;crew;fire-cauldron;jackal-rooster;kk-photo;log-sacrifice;mythic-hybrid;other;portrait;red-hot-cock;rooster;teeter-totter
asscamp-glenns-8.jpg,Red-Hot-Cock-BM2018,,Bearded man in straw hat sips a drink amid the busy camp shade gathering,Burning Man 2018,,2018,Kris Krüg,local: Charlie Smith BLackcat folder (KK 2018),no,medium,people: several crew; scene: camp; cam: Canon EOS 5D Mark IV,kk-owned,5555,3703,2018-08-26,local,burning-man-2018;camp;crew;kk-photo
asscamp-productions0U6A7482.jpg,Red-Hot-Cock-BM2018,,Two men share a long hug on the truck deck as helmeted crew watch behind,Burning Man 2018,,2018,Kris Krüg,local: Charlie Smith BLackcat folder (KK 2018),no,medium,people: several crew; scene: crew; cam: Canon EOS 5D Mark IV,kk-owned,5555,3703,2018-08-25,local,burning-man-2018;crew;kk-photo
asscamp-productions0U6A7483.jpg,Red-Hot-Cock-BM2018,red-hot-cock,Crew poses below the jackal-headed rooster beside a 'Wheels On Meals' sign,Burning Man 2018,,2018,Kris Krüg,local: Charlie Smith BLackcat folder (KK 2018),yes,high,people: 8 crew; scene: crew; cam: Canon EOS 5D Mark IV,kk-owned,3702,5555,2018-08-25,local,burning-man-2018;community-built;congregation;contraptionism;crew;fire-cauldron;hero;jackal-rooster;kk-photo;log-sacrifice;mythic-hybrid;red-hot-cock;rooster;teeter-totter
asscamp-productions0U6A7491.jpg,Red-Hot-Cock-BM2018,,Five laughing volunteers in yellow 'Wheels On Meals' vests pose on the playa,Burning Man 2018,,2018,Kris Krüg,local: Charlie Smith BLackcat folder (KK 2018),no,high,people: 5 crew; scene: crew; cam: Canon EOS 5D Mark IV,kk-owned,5555,3703,2018-08-25,local,burning-man-2018;crew;kk-photo
asscamp-productions0U6A7493.jpg,Red-Hot-Cock-BM2018,,Yellow-vested 'Wheels On Meals' crew clown for the camera in bright daylight,Burning Man 2018,,2018,Kris Krüg,local: Charlie Smith BLackcat folder (KK 2018),no,high,people: 5 crew; scene: crew; cam: Canon EOS 5D Mark IV,kk-owned,5555,3703,2018-08-25,local,burning-man-2018;crew;kk-photo
asscamp-productions0U6A7523.jpg,Red-Hot-Cock-BM2018,,"Crew lounges by a yellow Penske truck, shirtless man toasts toward camera",Burning Man 2018,,2018,Kris Krüg,local: Charlie Smith BLackcat folder (KK 2018),no,medium,people: 4 crew; scene: crew; cam: Canon EOS 5D Mark IV,kk-owned,5555,3703,2018-08-25,local,burning-man-2018;crew;kk-photo
asscamp-productions0U6A7538.jpg,Red-Hot-Cock-BM2018,red-hot-cock,"Two crew embrace on the open playa beside a rusted art-car, sculpture in distance",Burning Man 2018,,2018,Kris Krüg,local: Charlie Smith BLackcat folder (KK 2018),yes,medium,people: 2 crew; scene: crew; cam: Canon EOS 5D Mark IV,kk-owned,5555,3703,2018-08-25,local,burning-man-2018;community-built;congregation;contraptionism;crew;fire-cauldron;hero;jackal-rooster;kk-photo;log-sacrifice;mythic-hybrid;red-hot-cock;rooster;teeter-totter
asscamp-productions0U6A7541.jpg,Red-Hot-Cock-BM2018,red-hot-cock,Dust-covered couple poses arm-in-arm by a rusted art-car under bright sky,Burning Man 2018,,2018,Kris Krüg,local: Charlie Smith BLackcat folder (KK 2018),no,medium,people: 2 crew; scene: portrait; cam: Canon EOS 5D Mark IV,kk-owned,5555,3703,2018-08-25,local,burning-man-2018;community-built;congregation;contraptionism;crew;fire-cauldron;jackal-rooster;kk-photo;log-sacrifice;mythic-hybrid;portrait;red-hot-cock;rooster;teeter-totter
asscamp-productions0U6A7558.jpg,Red-Hot-Cock-BM2018,,"Dusty pair on the truck deck mid-conversation, woman in mirrored goggles",Burning Man 2018,,2018,Kris Krüg,local: Charlie Smith BLackcat folder (KK 2018),no,medium,people: several crew; scene: crew; cam: Canon EOS 5D Mark IV,kk-owned,5555,3703,2018-08-25,local,burning-man-2018;crew;kk-photo
asscamp-productions0U6A7561.jpg,Red-Hot-Cock-BM2018,red-hot-cock,"Crew poses with a black-flagged camo Jeep, jackal-rooster sculpture at left",Burning Man 2018,,2018,Kris Krüg,local: Charlie Smith BLackcat folder (KK 2018),no,medium,people: 3 crew; scene: ride; cam: Canon EOS 5D Mark IV,kk-owned,5555,3350,2018-08-25,local,burning-man-2018;community-built;congregation;contraptionism;crew;fire-cauldron;jackal-rooster;kk-photo;log-sacrifice;mythic-hybrid;red-hot-cock;ride;rooster;teeter-totter
asscamp-productions0U6A7563.jpg,Red-Hot-Cock-BM2018,red-hot-cock,Mad-Max camo Jeep and crew framed against the rooster sculpture on the playa,Burning Man 2018,,2018,Kris Krüg,local: Charlie Smith BLackcat folder (KK 2018),yes,medium,people: 3 crew; scene: ride; cam: Canon EOS 5D Mark IV,kk-owned,5555,3703,2018-08-25,local,burning-man-2018;community-built;congregation;contraptionism;crew;fire-cauldron;hero;jackal-rooster;kk-photo;log-sacrifice;mythic-hybrid;red-hot-cock;ride;rooster;teeter-totter
asscamp-productions0U6A7567.jpg,Red-Hot-Cock-BM2018,,"Three dusty friends pose, one in goggles and a wild blond playa beard",Burning Man 2018,,2018,Kris Krüg,local: Charlie Smith BLackcat folder (KK 2018),no,medium,people: 3 crew; scene: portrait; cam: Canon EOS 5D Mark IV,kk-owned,5555,3703,2018-08-25,local,burning-man-2018;crew;kk-photo;portrait
asscamp-productions0U6A7604.jpg,Red-Hot-Cock-BM2018,,Warm relaxed portrait of a man and woman leaning together by the truck,Burning Man 2018,,2018,Kris Krüg,local: Charlie Smith BLackcat folder (KK 2018),no,medium,people: 2 crew; scene: portrait; cam: Canon EOS 5D Mark IV,kk-owned,5555,3703,2018-08-25,local,burning-man-2018;crew;kk-photo;portrait
asscamp-village-16.jpg,Red-Hot-Cock-BM2018,red-hot-cock,"Crew welds star-marked steel sections in blowing dust, work truck behind",Burning Man 2018,,2018,Kris Krüg,local: Charlie Smith BLackcat folder (KK 2018),no,low,people: 4 crew; scene: build; cam: Canon EOS 5D Mark IV,kk-owned,6720,4480,2018-08-23,local,build;burning-man-2018;community-built;congregation;contraptionism;crew;fire-cauldron;jackal-rooster;kk-photo;log-sacrifice;mythic-hybrid;red-hot-cock;rooster;teeter-totter
asscamp-village-17.jpg,Red-Hot-Cock-BM2018,red-hot-cock,Builders gather around a 'STELLAR' steel panel during a dusty build session,Burning Man 2018,,2018,Kris Krüg,local: Charlie Smith BLackcat folder (KK 2018),no,low,people: 4 crew; scene: build; cam: Canon EOS 5D Mark IV,kk-owned,6720,4480,2018-08-23,local,build;burning-man-2018;community-built;congregation;contraptionism;crew;fire-cauldron;jackal-rooster;kk-photo;log-sacrifice;mythic-hybrid;red-hot-cock;rooster;teeter-totter
asscamp-village-19.jpg,Red-Hot-Cock-BM2018,red-hot-cock,Crew assembles large 'STELLAR' star-marked steel platforms in playa haze,Burning Man 2018,,2018,Kris Krüg,local: Charlie Smith BLackcat folder (KK 2018),no,low,people: 4 crew; scene: build; cam: Canon EOS 5D Mark IV,kk-owned,6703,4469,2018-08-23,local,build;burning-man-2018;community-built;congregation;contraptionism;crew;fire-cauldron;jackal-rooster;kk-photo;log-sacrifice;mythic-hybrid;red-hot-cock;rooster;teeter-totter
asscamp-village-22.jpg,Red-Hot-Cock-BM2018,red-hot-cock,"Two builders lean on a steel structure at dawn, moon low in the sky",Burning Man 2018,,2018,Kris Krüg,local: Charlie Smith BLackcat folder (KK 2018),yes,low,"people: Charlie Smith, plus crew; scene: build; cam: Canon EOS 5D Mark IV",kk-owned,6720,4480,2018-08-23,local,build;burning-man-2018;community-built;congregation;contraptionism;crew;fire-cauldron;hero;jackal-rooster;kk-photo;log-sacrifice;mythic-hybrid;red-hot-cock;rooster;teeter-totter
asscamp-village-23.jpg,Red-Hot-Cock-BM2018,red-hot-cock,Two smiling builders pause beside their steel fabrication at dawn,Burning Man 2018,,2018,Kris Krüg,local: Charlie Smith BLackcat folder (KK 2018),no,low,"people: Charlie Smith, plus crew; scene: build; cam: Canon EOS 5D Mark IV",kk-owned,6720,4480,2018-08-23,local,build;burning-man-2018;community-built;congregation;contraptionism;crew;fire-cauldron;jackal-rooster;kk-photo;log-sacrifice;mythic-hybrid;red-hot-cock;rooster;teeter-totter
asscamp-village-26.jpg,Red-Hot-Cock-BM2018,red-hot-cock,Welder lights up a 'STELLAR' steel grid as crew works the structure,Burning Man 2018,,2018,Kris Krüg,local: Charlie Smith BLackcat folder (KK 2018),no,low,people: several crew; scene: build; cam: Canon EOS 5D Mark IV,kk-owned,6535,4357,2018-08-23,local,build;burning-man-2018;community-built;congregation;contraptionism;crew;fire-cauldron;jackal-rooster;kk-photo;log-sacrifice;mythic-hybrid;red-hot-cock;rooster;teeter-totter
asscamp-village-33.jpg,Red-Hot-Cock-BM2018,,Three dusty crewmates pose arm-in-arm on the open playa at dawn,Burning Man 2018,,2018,Kris Krüg,local: Charlie Smith BLackcat folder (KK 2018),no,medium,people: 3 crew; scene: portrait; cam: Canon EOS 5D Mark IV,kk-owned,6720,4480,2018-08-23,local,burning-man-2018;crew;kk-photo;portrait
lana-bm-prints-2.jpg,Red-Hot-Cock-BM2018,,"Whole crew poses in the back of the Penske truck, masks and dusty grins",Burning Man 2018,,,Kris Krüg,local: Charlie Smith BLackcat folder (KK 2018),yes,high,people: 8 crew; scene: crew,kk-owned,3891,2918,,local,burning-man-2018;crew;hero;kk-photo
lana-bm-prints.jpg,Red-Hot-Cock-BM2018,,"Crew group shot crammed in the Penske truck bed, phone-camera framing",Burning Man 2018,,,Kris Krüg,local: Charlie Smith BLackcat folder (KK 2018),no,high,people: 8 crew; scene: crew,kk-owned,4032,3024,,local,burning-man-2018;crew;kk-photo
mp4frame__4DsfraTKumB.jpg,Video-stills,red-hot-cock,"Video title card: Charlie Blackcat Smith interview, rooster sculpture at sunset",Burning Man 2018,,,Kris Krüg,local: Charlie Smith BLackcat folder (KK 2018),no,medium,people: Charlie Smith; scene: signage; video keyframe,kk-owned,480,854,,local,burning-man-2018;charlie;community-built;congregation;contraptionism;fire-cauldron;jackal-rooster;kk-photo;log-sacrifice;mythic-hybrid;red-hot-cock;rooster;signage;teeter-totter
mp4frame__VID_20200407_095337.jpg,Video-stills,,Phone-frame portrait of a long-haired young man in red sunglasses holding a beer,,,,Kris Krüg,local: Charlie Smith BLackcat folder (KK 2018),no,low,people: 1 person; scene: portrait; video keyframe,kk-owned,2160,3840,,local,kk-photo;portrait
timestar-video-1__aw3dDEIexYk.jpg,Video-stills,time-star,'24/7 Timestar - Timing Is Everything' video thumbnail (2012),,,,Charlie Smith,https://www.youtube.com/watch?v=aw3dDEIexYk,no,medium,sparceland-embedded youtube (reference still); subs 429-blocked,video-still,,,,local,community-built;seven;sun;teeter-totter;time;time-star;video-still
timestar-video-2__JfWAQRnY8e0.jpg,Video-stills,time-star,Timestar clip 'IMG 4387' thumbnail (2017),,,,Charlie Smith,https://www.youtube.com/watch?v=JfWAQRnY8e0,no,medium,sparceland-embedded youtube (reference still); subs 429-blocked,video-still,,,,local,community-built;seven;sun;teeter-totter;time;time-star;video-still
fleeble-ride-video__F3QwScSPnZI.jpg,Video-stills,fleeble-flobbler,'Fleeble Flobbler' ride clip thumbnail (2016),,,,Charlie Smith,https://www.youtube.com/watch?v=F3QwScSPnZI,no,medium,sparceland-embedded youtube (reference still); subs 429-blocked,video-still,,,,local,clown;fire-cauldron;fleeble-flobbler;inner-child;mythic-hybrid;ride;teeter-totter;video-still
bmgallery__ba802d9c.jpg,BurningMan-archive,,Visiting Robots,Burning Man,Black Rock City NV,,Burning Man Project (gallery),https://gallery.burningman.org/asset/ba802d9c-bba7-41aa-a4b4-189afbd6cdb8,no,medium,"BM gallery: ""Visiting Robots""",third-party,2048,1366,,local,bm-gallery;burning-man
red-hot-cock__bmgallery__7d4c2046.jpg,BurningMan-archive,red-hot-cock,Uncle Charlie's Red Hot Cock,Burning Man,Black Rock City NV,,Burning Man Project (gallery),https://gallery.burningman.org/asset/7d4c2046-b2ab-428e-93f8-4d0c9303b448,no,high,"BM gallery: ""Uncle Charlie's Red Hot Cock""",third-party,2048,1152,,local,bm-gallery;burning-man;charlie;community-built;congregation;contraptionism;fire-cauldron;jackal-rooster;log-sacrifice;mythic-hybrid;red-hot-cock;rooster;teeter-totter
bmgallery__d1e4b594.jpg,BurningMan-archive,red-hot-cock,Coyote Rooster on the Playa,Burning Man,Black Rock City NV,,Burning Man Project (gallery),https://gallery.burningman.org/asset/d1e4b594-50db-41b1-9cf5-c40f8cf718b2,no,low,"BM gallery: ""Coyote Rooster on the Playa""",third-party,2048,1317,,local,bm-gallery;burning-man;community-built;congregation;contraptionism;fire-cauldron;jackal-rooster;log-sacrifice;mythic-hybrid;red-hot-cock;rooster;teeter-totter
red-hot-cock__bmgallery__515cba75.jpg,BurningMan-archive,red-hot-cock,UNCLE CHARLIE'S RED HOT COCK,Burning Man,Black Rock City NV,,Burning Man Project (gallery),https://gallery.burningman.org/asset/515cba75-3d02-43eb-b5c6-7dd1878964f6,no,high,"BM gallery: ""UNCLE CHARLIE'S RED HOT COCK""",third-party,1365,2048,,local,bm-gallery;burning-man;charlie;community-built;congregation;contraptionism;fire-cauldron;jackal-rooster;log-sacrifice;mythic-hybrid;red-hot-cock;rooster;teeter-totter
bmgallery__ae009bbb.jpg,BurningMan-archive,big-charles,BIG CHARLES,Burning Man,Black Rock City NV,,Burning Man Project (gallery),https://gallery.burningman.org/asset/ae009bbb-2bab-41f0-8f36-125be2a0bae2,no,low,"BM gallery: ""BIG CHARLES""",third-party,1365,2048,,local,big-charles;bm-gallery;burning-man;mythic-hybrid
red-hot-cock__bmgallery__5c1a1fdb.jpg,BurningMan-archive,red-hot-cock,Uncle Charlie's Red Hot Cock by Charlie Blackcat Smith,Burning Man,Black Rock City NV,,Burning Man Project (gallery),https://gallery.burningman.org/asset/5c1a1fdb-f002-4259-96f3-8fbe725fafbd,no,high,"BM gallery: ""Uncle Charlie's Red Hot Cock by Charlie Blackcat Smith""",third-party,2048,1339,,local,bm-gallery;burning-man;charlie;community-built;congregation;contraptionism;fire-cauldron;jackal-rooster;log-sacrifice;mythic-hybrid;red-hot-cock;rooster;teeter-totter
bmgallery__8d71df6b.jpg,BurningMan-archive,big-charles,Big Charles by Shane Evans,Burning Man,Black Rock City NV,,Burning Man Project (gallery),https://gallery.burningman.org/asset/8d71df6b-2cad-43a6-ad2d-c31bd93513b9,no,low,"BM gallery: ""Big Charles by Shane Evans""",third-party,2048,1277,,local,big-charles;bm-gallery;burning-man;mythic-hybrid
bmgallery__a5337ad4.jpg,BurningMan-archive,big-charles,Big Charles 2 by Shane Evans,Burning Man,Black Rock City NV,,Burning Man Project (gallery),https://gallery.burningman.org/asset/a5337ad4-dfb9-4c52-aa9a-4e6e05f06423,no,low,"BM gallery: ""Big Charles 2 by Shane Evans""",third-party,2048,1369,,local,big-charles;bm-gallery;burning-man;mythic-hybrid
bmgallery__6707e8d6.jpg,BurningMan-archive,red-hot-cock,RoosterFox,Burning Man,Black Rock City NV,,Burning Man Project (gallery),https://gallery.burningman.org/asset/6707e8d6-77ef-4e62-a794-7dbc3dd0522a,no,low,"BM gallery: ""RoosterFox""",third-party,1367,2048,,local,bm-gallery;burning-man;community-built;congregation;contraptionism;fire-cauldron;jackal-rooster;log-sacrifice;mythic-hybrid;red-hot-cock;rooster;teeter-totter
bmgallery__d01398a7.jpg,BurningMan-archive,big-charles,Big Charles and Galaxia,Burning Man,Black Rock City NV,,Burning Man Project (gallery),https://gallery.burningman.org/asset/d01398a7-58c3-42d3-8b23-90bc79a39d99,no,low,"BM gallery: ""Big Charles and Galaxia""",third-party,2048,1365,,local,big-charles;bm-gallery;burning-man;mythic-hybrid
red-hot-cock__bmgallery__52397f1c.jpg,BurningMan-archive,red-hot-cock,Playa Red Hot Cock,Burning Man,Black Rock City NV,,Burning Man Project (gallery),https://gallery.burningman.org/asset/52397f1c-2628-4282-9808-bd3007d79417,no,high,"BM gallery: ""Playa Red Hot Cock""",third-party,983,960,,local,bm-gallery;burning-man;community-built;congregation;contraptionism;fire-cauldron;jackal-rooster;log-sacrifice;mythic-hybrid;red-hot-cock;rooster;teeter-totter
fleeble-flobbler__bmgallery__e53cf759.jpg,BurningMan-archive,fleeble-flobbler,Fleeble Flobbler clown,Burning Man,Black Rock City NV,,Burning Man Project (gallery),https://gallery.burningman.org/asset/e53cf759-eea1-406d-a71f-4f491ddb4fff,no,high,"BM gallery: ""Fleeble Flobbler clown""",third-party,2048,1360,,local,bm-gallery;burning-man;clown;fire-cauldron;fleeble-flobbler;inner-child;mythic-hybrid;ride;teeter-totter
time-star__bmgallery__da110a52.jpg,BurningMan-archive,time-star,TIming is Everything/24-7 Timestar,Burning Man,Black Rock City NV,,Burning Man Project (gallery),https://gallery.burningman.org/asset/da110a52-fb46-4550-8a3d-aa88ff514a81,no,high,"BM gallery: ""TIming is Everything/24-7 Timestar""",third-party,800,534,,local,bm-gallery;burning-man;community-built;seven;sun;teeter-totter;time;time-star
bmgallery__dd855f09.jpg,BurningMan-archive,,A Naust,Burning Man,Black Rock City NV,,Burning Man Project (gallery),https://gallery.burningman.org/asset/dd855f09-0218-4653-8e6d-686591822d78,no,medium,"BM gallery: ""A Naust""",third-party,338,500,,local,bm-gallery;burning-man
bmgallery__bbb44ec7.jpg,BurningMan-archive,,Charlie and Leo,Burning Man,Black Rock City NV,,Burning Man Project (gallery),https://gallery.burningman.org/asset/bbb44ec7-e7af-42cd-a388-97d65bf919c4,no,medium,"BM gallery: ""Charlie and Leo""",third-party,1363,2048,,local,bm-gallery;burning-man;charlie
fleeble-flobbler__bmgallery__e158a669.jpg,BurningMan-archive,fleeble-flobbler,Fleeble Flobbler by Charlie Smith and Jaime Ladet,Burning Man,Black Rock City NV,,Burning Man Project (gallery),https://gallery.burningman.org/asset/e158a669-415b-4156-819a-84518b8677e2,no,high,"BM gallery: ""Fleeble Flobbler by Charlie Smith and Jaime Ladet""",third-party,2048,1360,,local,bm-gallery;burning-man;charlie;clown;fire-cauldron;fleeble-flobbler;inner-child;mythic-hybrid;ride;teeter-totter
fleeble-flobbler__bmgallery__ca05b192.jpg,BurningMan-archive,fleeble-flobbler,Fleeble Flobbler by Charlie Smith and Jaime Ladet,Burning Man,Black Rock City NV,,Burning Man Project (gallery),https://gallery.burningman.org/asset/ca05b192-255a-4a18-8770-25f81c872baa,no,high,"BM gallery: ""Fleeble Flobbler by Charlie Smith and Jaime Ladet""",third-party,2048,1362,,local,bm-gallery;burning-man;charlie;clown;fire-cauldron;fleeble-flobbler;inner-child;mythic-hybrid;ride;teeter-totter
infinite-infant__bmgallery__8fa9c2a4.jpg,BurningMan-archive,infinite-infant,Infinite Infant and the Trail of Toys by charlie smith / sparcleand llc,Burning Man,Black Rock City NV,,Burning Man Project (gallery),https://gallery.burningman.org/asset/8fa9c2a4-9315-4e79-9993-20f9f5867335,no,high,"BM gallery: ""Infinite Infant and the Trail of Toys by charlie smith / sparcleand llc""",third-party,1755,987,,local,bm-gallery;burning-man;charlie;fire-cauldron;infant;infinite-infant;inner-child;mythic-hybrid;reused-components;toy
synapses-tour__bmgallery__388d5bdb.jpg,BurningMan-archive,synapses-tour,Synapses by Charlie Smith and Jaime Ladet,Burning Man,Black Rock City NV,,Burning Man Project (gallery),https://gallery.burningman.org/asset/388d5bdb-d89a-4895-b58b-a80040e5284b,no,high,"BM gallery: ""Synapses by Charlie Smith and Jaime Ladet""",third-party,2048,1365,,local,bm-gallery;burning-man;charlie;community-built;congregation;fire-cauldron;regional-burning-man;symbol-system;synapses-tour
bmgallery__324d2085.jpg,BurningMan-archive,encompassment,Encompassment / Directional Vessels of Fire by Charlie Smith,Burning Man,Black Rock City NV,,Burning Man Project (gallery),https://gallery.burningman.org/asset/324d2085-7bb3-4b02-acc6-e7134bff11b4,no,medium,"BM gallery: ""Encompassment / Directional Vessels of Fire by Charlie Smith""",third-party,1478,1469,,local,bm-gallery;burning-man;charlie;congregation;directional;encompassment;vessels-of-fire
hearth__bmgallery__5f175498.jpg,BurningMan-archive,hearth,Hearth by Charlie Smith and Syd Klinge,Burning Man,Black Rock City NV,,Burning Man Project (gallery),https://gallery.burningman.org/asset/5f175498-dbab-43b8-918a-8b8d8fc3b735,no,high,"BM gallery: ""Hearth by Charlie Smith and Syd Klinge""",third-party,1365,2048,,local,bm-gallery;burning-man;charlie;community-built;congregation;fire-cauldron;heart;hearth
hearth__bmgallery__54b10da5.jpg,BurningMan-archive,hearth,Hearth (with Infanity) by Charlie Smith and Syd Klinge,Burning Man,Black Rock City NV,,Burning Man Project (gallery),https://gallery.burningman.org/asset/54b10da5-c834-4b34-83d0-26c9ce9c819b,no,high,"BM gallery: ""Hearth (with Infanity) by Charlie Smith and Syd Klinge""",third-party,2048,1382,,local,bm-gallery;burning-man;charlie;community-built;congregation;fire-cauldron;heart;hearth
hearth__bmgallery__470910a8.jpg,BurningMan-archive,hearth,Hearth by Sid Klinge and Charlie Smith,Burning Man,Black Rock City NV,,Burning Man Project (gallery),https://gallery.burningman.org/asset/470910a8-7971-4d80-990c-cbeebc992a32,no,high,"BM gallery: ""Hearth by Sid Klinge and Charlie Smith""",third-party,1200,1600,,local,bm-gallery;burning-man;charlie;community-built;congregation;fire-cauldron;heart;hearth
infinite-infant__bmgallery__b6277db1.jpg,BurningMan-archive,infinite-infant,Infinite Infant,Burning Man,Black Rock City NV,,Burning Man Project (gallery),https://gallery.burningman.org/asset/b6277db1-5321-474a-9153-95ca4d0f840f,no,high,"BM gallery: ""Infinite Infant""",third-party,1365,2048,,local,bm-gallery;burning-man;fire-cauldron;infant;infinite-infant;inner-child;mythic-hybrid;reused-components;toy
fire-birds__bmgallery__3bb159f6.jpg,BurningMan-archive,fire-birds,Fire Birds of the Fifth Direction — winged cut-panel cauldron silhouetted at playa sunrise,Burning Man,Black Rock City NV,,Burning Man Project (gallery),https://gallery.burningman.org/asset/3bb159f6-1366-4abb-85ea-4524f8837663,yes,high,BM gallery og:image (2048px); GPT-cited hero,third-party,1365,2048,,local,fire-birds;fire-cauldron;bird;mythic-hybrid;congregation;transformation;community-built;symbol-system;bm-gallery;burning-man;hero
1+burning+book+sketch.webp,BBB,burning-book,Burning Book concept sketch — open book with exposed heart,Burning Man 2026,,2026,Charlie Smith,sparceland.com/bbb26,no,high,BBB sketch from the archive,charlie-site,1038,793,,local,book;burning-book;burning-man-2026;charlie-site;community-built;contraptionism;fire-cauldron;heart;heartbeat;log-sacrifice;memorial;sketch
1-layoutbbbrian.webp,BBB,burning-book,Burning Book site layout / plan for Brian,Burning Man 2026,,2026,Charlie Smith,sparceland.com/bbb26,no,high,BBB diagram from the archive,charlie-site,779,599,,local,book;burning-book;burning-man-2026;charlie-site;community-built;contraptionism;diagram;fire-cauldron;heart;heartbeat;log-sacrifice;memorial
10-BBBspfxdiagram.webp,BBB,burning-book,Flame-effects (SPFX) diagram,Burning Man 2026,,2026,Charlie Smith,sparceland.com/bbb26,no,high,BBB diagram from the archive,charlie-site,725,579,,local,book;burning-book;burning-man-2026;charlie-site;community-built;contraptionism;diagram;fire-cauldron;heart;heartbeat;log-sacrifice;memorial
11-LPG+CONTBOX.webp,BBB,burning-book,LPG control-box schematic,Burning Man 2026,,2026,Charlie Smith,sparceland.com/bbb26,no,high,BBB diagram from the archive,charlie-site,726,476,,local,book;burning-book;burning-man-2026;charlie-site;community-built;contraptionism;diagram;fire-cauldron;heart;heartbeat;log-sacrifice;memorial
1b-BBperburning.webp,BBB,burning-book,Pre-burn / per-burning plan,Burning Man 2026,,2026,Charlie Smith,sparceland.com/bbb26,no,high,BBB diagram from the archive,charlie-site,988,685,,local,book;burning-book;burning-man-2026;charlie-site;community-built;contraptionism;diagram;fire-cauldron;heart;heartbeat;log-sacrifice;memorial
3-BBopbook+.webp,BBB,burning-book,Open-book composition render — heart piercing the pages,Burning Man 2026,,2026,Charlie Smith,sparceland.com/bbb26,no,high,BBB render from the archive,charlie-site,673,550,,local,book;burning-book;burning-man-2026;charlie-site;community-built;contraptionism;fire-cauldron;heart;heartbeat;log-sacrifice;memorial;render
5-BBartistpage.webp,BBB,burning-book,Artist-pages concept — collaborators skin the pages,Burning Man 2026,,2026,Charlie Smith,sparceland.com/bbb26,no,high,BBB render from the archive,charlie-site,770,662,,local,book;burning-book;burning-man-2026;charlie-site;community-built;contraptionism;fire-cauldron;heart;heartbeat;log-sacrifice;memorial;render
6-BB+arma+base+comp.webp,BBB,burning-book,Armature + base composition drawing,Burning Man 2026,,2026,Charlie Smith,sparceland.com/bbb26,no,high,BBB diagram from the archive,charlie-site,762,572,,local,book;burning-book;burning-man-2026;charlie-site;community-built;contraptionism;diagram;fire-cauldron;heart;heartbeat;log-sacrifice;memorial
7-BBBsiview+bdown.webp,BBB,burning-book,Side view + breakdown drawing,Burning Man 2026,,2026,Charlie Smith,sparceland.com/bbb26,no,high,BBB diagram from the archive,charlie-site,735,526,,local,book;burning-book;burning-man-2026;charlie-site;community-built;contraptionism;diagram;fire-cauldron;heart;heartbeat;log-sacrifice;memorial
8-BBBspfxspec.webp,BBB,burning-book,Flame-effects spec sheet,Burning Man 2026,,2026,Charlie Smith,sparceland.com/bbb26,no,high,BBB diagram from the archive,charlie-site,762,581,,local,book;burning-book;burning-man-2026;charlie-site;community-built;contraptionism;diagram;fire-cauldron;heart;heartbeat;log-sacrifice;memorial
9heartSPFXint.webp,BBB,burning-book,Heart flame-effect internals (LPG heartbeat),Burning Man 2026,,2026,Charlie Smith,sparceland.com/bbb26,no,high,BBB diagram from the archive,charlie-site,692,544,,local,book;burning-book;burning-man-2026;charlie-site;community-built;contraptionism;diagram;fire-cauldron;heart;heartbeat;log-sacrifice;memorial
BB+book+cover+side.webp,BBB,burning-book,Book cover / side elevation render,Burning Man 2026,,2026,Charlie Smith,sparceland.com/bbb26,no,high,BBB render from the archive,charlie-site,624,513,,local,book;burning-book;burning-man-2026;charlie-site;community-built;contraptionism;fire-cauldron;heart;heartbeat;log-sacrifice;memorial;render
Bri+book+fire+bins.webp,BBB,burning-book,"Fabrication diagram — oval frame, heart, fire-box dimensions",Burning Man 2026,,2026,Charlie Smith,sparceland.com/bbb26,yes,high,BBB diagram from the archive,charlie-site,2500,1340,,local,book;burning-book;burning-man-2026;charlie-site;community-built;contraptionism;diagram;fire-cauldron;heart;heartbeat;log-sacrifice;memorial
Ganrty+to+the+moon+2024.webp,BBB,gantry,"The Gantry — 'to the moon', Tennessee 2024",Tennessee 2024,,2024,Charlie Smith,sparceland.com,no,high,BBB render from the archive,charlie-site,1523,1024,,local,charlie-site;congregation;gantry;metallic-effigy;render
HEARTH+2001.webp,BBB,hearth,HEARTH — scrap-metal heart fire sculpture on the playa,Burning Man 2000,,2000,Charlie Smith,sparceland.com,yes,high,BBB photo from the archive,charlie-site,1623,1467,,local,charlie-site;community-built;congregation;fire-cauldron;heart;hearth;photo
bbbsketchbook.webp,BBB,burning-book,Sketchbook page — first Burning Book hand-drawings,Burning Man 2026,,2026,Charlie Smith,sparceland.com/bbb26,no,high,BBB sketch from the archive,charlie-site,1879,1026,,local,book;burning-book;burning-man-2026;charlie-site;community-built;contraptionism;fire-cauldron;heart;heartbeat;log-sacrifice;memorial;sketch
charlie-brian-doherty-burningman-2014__alloway.jpg,Charlie-Album-2026,,"Charlie ""Blackcat"" Smith and Brian Doherty — dust-storm portrait",Burning Man 2014,Black Rock City NV,2014,Jon Alloway,Charlie Smith album (2026),no,medium,"Identities inferred from filename (""brinI""=Brian Doherty, the Burning Book memorial subject); whiteout dust storm; high-res master",third-party,4749,2740,2014,local,brian-doherty;burning-man;burning-man-2014;charlie;crew;dust-storm;portrait
playa-scene-fire-contraptions-dusk.jpg,Charlie-Album-2026,,"Playa at dusk — kettle-trike, flaming cauldron, and tiki fire sculpture",Burning Man,Black Rock City NV,,,Charlie Smith album (2026),no,low,Photographer watermark (PP/DP) lower-left; the Man and Temple in background; year unconfirmed,third-party,960,636,,local,burning-man;contraptions;dusk;fire-art;fire-cauldron;playa
charlie-crew-night-bluelight.jpeg,Charlie-Album-2026,,Charlie and crew member — night portrait under blue stage light,,,,Charlie Smith,Charlie Smith album (2026),no,low,Candid night selfie; event and location unconfirmed,charlie-archive,2048,1536,,local,charlie;crew;night;portrait
